"HostName","Location"
"ALOPRDKFK11","PURE-AO37-07B"
"ALOPRDKFK14","PURE-AO37-07B"
"ALOPRDKFK15","PURE-AO37-07B"
"ALOPRDKFK17","PURE-AO37-07B"
"DAPRDCAS05","PURE-AO37-07B"
"ELKPRDDAT04","PURE-AO37-07B"
"ELKPRDDAT07","PURE-AO37-07B"
"ELKPRDDAT08","PURE-AO37-07B"
"FBPRDESX47","PURE-AO37-07B"
"FBPRDESX48","PURE-AO37-07B"
"FBPRDESX49","PURE-AO37-07B"
"FBPRDESX50","PURE-AO37-07B"
"FBPRDESX51","PURE-AO37-07B"
"FBPRDESX52","PURE-AO37-07B"
"FEPRDVM01","PURE-AO37-07B"
"FEPRDVM02","PURE-AO37-07B"
"FEPRDVM03","PURE-AO37-07B"
"FEPRDVM04","PURE-AO37-07B"
"FEPRDVM05","PURE-AO37-07B"
"FEPRDVM06","PURE-AO37-07B"
"FEPRDVM07","PURE-AO37-07B"
"FEPRDVM08","PURE-AO37-07B"
"KFTPRDRAC01","PURE-AO37-07B"
"KFTPRDRAC02","PURE-AO37-07B"
"PGMPRDRAC01","PURE-AO37-07B"
"PGMPRDRAC02","PURE-AO37-07B"
"PSPRDESX07","PURE-AO37-07B"
"PSPRDESX08","PURE-AO37-07B"
"PSPRDESX09","PURE-AO37-07B"
"PSPRDESX19","PURE-AO37-07B"
"PSPRDESX20","PURE-AO37-07B"
"PSPRDESX21","PURE-AO37-07B"
"PSPRDESX22","PURE-AO37-07B"
"SEAPRDRAC01","PURE-AO37-07B"
"SEAPRDRAC02","PURE-AO37-07B"
"SEATSTRAC01","PURE-AO37-07B"
"SEATSTRAC02","PURE-AO37-07B"
"SIMPRDESX01","PURE-AO37-07B"
"SIMPRDESX02","PURE-AO37-07B"
"SIMPRDESX03","PURE-AO37-07B"
"SIMPRDESX04","PURE-AO37-07B"
"SIMPRDESX05","PURE-AO37-07B"
"STOPRDAPP06","PURE-AO37-07B"
"STOTSTAPP03","PURE-AO37-07B"
"SWPRDMGW01","PURE-AO37-07B"
"SWPRDMGW02","PURE-AO37-07B"
"TNGPRDRAC01","PURE-AO37-07B"
"TNGPRDRAC02","PURE-AO37-07B"
"ALOPRDKFK16","PURE-EE18-005"
"ALOPRDKFK18","PURE-EE18-005"
"ALOPRDKFK19","PURE-EE18-005"
"ATLTSTRAC01","PURE-EE18-005"
"ATLTSTRAC02","PURE-EE18-005"
"BDPPRDEDG02","PURE-EE18-005"
"CBDEVDB01","PURE-EE18-005"
"CLWPRDGENGPU1004","PURE-EE18-005"
"CLWPRDGENGPU1101","PURE-EE18-005"
"CLWPRDGENGPU1102","PURE-EE18-005"
"CLWPRDGENGPU1103","PURE-EE18-005"
"CLWPRDGENGPU1104","PURE-EE18-005"
"CSGENMST01","PURE-EE18-005"
"ELKPRDDAT02","PURE-EE18-005"
"ELKPRDDAT06","PURE-EE18-005"
"ELKPRDDAT09","PURE-EE18-005"
"ELKPRDDAT10","PURE-EE18-005"
"ELKPRDDAT12","PURE-EE18-005"
"ELKPRDDAT13","PURE-EE18-005"
"FBPRDESX12","PURE-EE18-005"
"FBPRDESX23","PURE-EE18-005"
"FBPRDESX24","PURE-EE18-005"
"FBPRDESX45","PURE-EE18-005"
"FBPRDESX46","PURE-EE18-005"
"FBPRDESX90","PURE-EE18-005"
"FBPRDESX91","PURE-EE18-005"
"FBPRDESX94","PURE-EE18-005"
"FBPRDESX95","PURE-EE18-005"
"FBPRDESX96","PURE-EE18-005"
"FBPRDVM03","PURE-EE18-005"
"FBPRDVM06","PURE-EE18-005"
"FBPRDVM07","PURE-EE18-005"
"FBPRDVM16","PURE-EE18-005"
"FBPRDVM76","PURE-EE18-005"
"FBPRDVM96","PURE-EE18-005"
"FEAGTPRDDB03","PURE-EE18-005"
"FEAGTPRDDB04","PURE-EE18-005"
"FEGNLPRDDB01","PURE-EE18-005"
"FEPRDVM01","PURE-EE18-005"
"FEPRDVM02","PURE-EE18-005"
"FEPRDVM03","PURE-EE18-005"
"FEPRDVM04","PURE-EE18-005"
"FEPRDVM05","PURE-EE18-005"
"FEPRDVM06","PURE-EE18-005"
"FEPRDVM07","PURE-EE18-005"
"FEPRDVM08","PURE-EE18-005"
"GENTSTRAC01","PURE-EE18-005"
"GENTSTRAC02","PURE-EE18-005"
"INSTAPRDAPP02","PURE-EE18-005"
"KFTPRDRAC01","PURE-EE18-005"
"KFTPRDRAC02","PURE-EE18-005"
"KSAODITSTDB01","PURE-EE18-005"
"KYSTSTDB01","PURE-EE18-005"
"PGMPRDCAS01","PURE-EE18-005"
"PGMPRDCAS02","PURE-EE18-005"
"PGMPRDCAS03","PURE-EE18-005"
"PGMPRDCAS04","PURE-EE18-005"
"PGMPRDCAS05","PURE-EE18-005"
"PGMPRDRAC01","PURE-EE18-005"
"PGMPRDRAC02","PURE-EE18-005"
"PSPRDESX19","PURE-EE18-005"
"PSPRDESX20","PURE-EE18-005"
"PSPRDESX23","PURE-EE18-005"
"PSPRDESX24","PURE-EE18-005"
"PSPRDESX25","PURE-EE18-005"
"PSPRDESX26","PURE-EE18-005"
"PSPRDESX27","PURE-EE18-005"
"PSPRDESX28","PURE-EE18-005"
"PSPRDESX29","PURE-EE18-005"
"PSPRDESX30","PURE-EE18-005"
"PSPRDESX31","PURE-EE18-005"
"PSPRDESX32","PURE-EE18-005"
"PSPRDESX33","PURE-EE18-005"
"PSTSTESX10","PURE-EE18-005"
"PSTSTESX14","PURE-EE18-005"
"PSTSTESX15","PURE-EE18-005"
"PSTSTESX16","PURE-EE18-005"
"PSTSTESX17","PURE-EE18-005"
"PSTSTESX18","PURE-EE18-005"
"SCMPRDDB02","PURE-EE18-005"
"SDTSTDB02","PURE-EE18-005"
"SEAPRDRAC01","PURE-EE18-005"
"SEAPRDRAC02","PURE-EE18-005"
"SEATSTRAC01","PURE-EE18-005"
"SEATSTRAC02","PURE-EE18-005"
"STOTSTAPP04","PURE-EE18-005"
"SWPRDMGW01","PURE-EE18-005"
"SWPRDMGW02","PURE-EE18-005"
"TNGPRDRAC01","PURE-EE18-005"
"TNGPRDRAC02","PURE-EE18-005"
"TRHPRDAPP03","PURE-EE18-005"
"VDIPRDVM06","PURE-EE18-005"
"YTSPRDDB01","PURE-EE18-005"
"ALMPRDCLN01","PURE-DB39-008"
"ALMPRDCLN02","PURE-DB39-008"
"ALOPRDKFK12","PURE-DB39-008"
"BTPRDOPVIRT01","PURE-DB39-008"
"BTPRDOPVIRT02","PURE-DB39-008"
"BTPRDOPVIRT03","PURE-DB39-008"
"CBPRDDB05","PURE-DB39-008"
"CBPRDRARC07","PURE-DB39-008"
"CBTSTDB07","PURE-DB39-008"
"CBTSTDB07NPIV","PURE-DB39-008"
"CBTSTRAC01","PURE-DB39-008"
"CBTSTRAC02","PURE-DB39-008"
"CBTSTRAC03","PURE-DB39-008"
"CBTSTRAC04","PURE-DB39-008"
"ECMPRDRAC03","PURE-DB39-008"
"ECMPRDRAC04","PURE-DB39-008"
"ELKPRDDAT11","PURE-DB39-008"
"FBPRDESX21","PURE-DB39-008"
"FBPRDESX22","PURE-DB39-008"
"FBPRDESX23","PURE-DB39-008"
"FBPRDESX24","PURE-DB39-008"
"FBPRDESX45","PURE-DB39-008"
"FBPRDESX46","PURE-DB39-008"
"FBPRDESX90","PURE-DB39-008"
"FBPRDESX91","PURE-DB39-008"
"FBPRDESX94","PURE-DB39-008"
"FBPRDESX95","PURE-DB39-008"
"FBPRDESX96","PURE-DB39-008"
"FEPRDVM01","PURE-DB39-008"
"FEPRDVM02","PURE-DB39-008"
"FEPRDVM03","PURE-DB39-008"
"FEPRDVM04","PURE-DB39-008"
"FEPRDVM05","PURE-DB39-008"
"FEPRDVM06","PURE-DB39-008"
"FEPRDVM07","PURE-DB39-008"
"FEPRDVM08","PURE-DB39-008"
"GENTSTRAC01","PURE-DB39-008"
"GENTSTRAC02","PURE-DB39-008"
"KFTPRDRAC01","PURE-DB39-008"
"KFTPRDRAC02","PURE-DB39-008"
"ODIPRDAPP02","PURE-DB39-008"
"PSPRDESX19","PURE-DB39-008"
"PSPRDESX20","PURE-DB39-008"
"PSPRDESX23","PURE-DB39-008"
"PSPRDESX24","PURE-DB39-008"
"PSPRDESX25","PURE-DB39-008"
"PSPRDESX26","PURE-DB39-008"
"PSPRDESX27","PURE-DB39-008"
"PSPRDESX30","PURE-DB39-008"
"PSPRDESX31","PURE-DB39-008"
"PSPRDESX32","PURE-DB39-008"
"PSPRDESX33","PURE-DB39-008"
"SEAPRDARC01","PURE-DB39-008"
"SEAPRDRAC01","PURE-DB39-008"
"SEAPRDRAC02","PURE-DB39-008"
"SEATSTRAC01","PURE-DB39-008"
"SEATSTRAC02","PURE-DB39-008"
"SFDPRDRAC03","PURE-DB39-008"
"SFDPRDRAC04","PURE-DB39-008"
"STOTSTAPP05","PURE-DB39-008"
"TNGPRDRAC01","PURE-DB39-008"
"TNGPRDRAC02","PURE-DB39-008"
"DUMMY-SERVER","PURE-DB39-008"
"STOTSTAPP03","HUAWEI-005-AT37"
"STOTSTAPP04","HUAWEI-005-AT37"
"STOTSTAPP05","HUAWEI-005-AT37"
"CBPRDRAC05_IG1","HUAWEI-005-AT37"
"CBPRDRAC05_IG2","HUAWEI-005-AT37"
"CBPRDRAC06_IG1","HUAWEI-005-AT37"
"CBPRDRAC06_IG2","HUAWEI-005-AT37"
"CFRPRDRAC01","HUAWEI-005-AT37"
"CFRPRDRAC02","HUAWEI-005-AT37"
"BTPRDMGT07","HUAWEI-005-AT37"
"BNXEARPRDCLN02","HUAWEI-005-AT37"
"ALMPRDCLN02","HUAWEI-005-AT37"
"BNXGSCPRDRAC01","HUAWEI-005-AT37"
"BNXGSCPRDRAC02","HUAWEI-005-AT37"
"FBPRDESX47","HUAWEI-005-AT37"
"FBPRDESX48","HUAWEI-005-AT37"
"FBPRDESX49","HUAWEI-005-AT37"
"FBPRDESX50","HUAWEI-005-AT37"
"FBPRDESX51","HUAWEI-005-AT37"
"FBPRDESX52","HUAWEI-005-AT37"
"FBPRDVM_1","HUAWEI-005-AT37"
"FBPRDVM_2","HUAWEI-005-AT37"
"FBPRDVM_3","HUAWEI-005-AT37"
"SCETSTAPP02","HUAWEI-005-AT37"
"BNXEDPRDAPP02","HUAWEI-005-AT37"
"SGXLINTSTRAC02","HUAWEI-005-AT37"
"BNXMCMPRDRAC01","HUAWEI-005-AT37"
"BNXMCMPRDRAC02","HUAWEI-005-AT37"
"IDMPRDRAC01","HUAWEI-005-AT37"
"IDMPRDRAC02","HUAWEI-005-AT37"
"DAPRDKFK11","HUAWEI-005-AT37"
"VPSPRDRAC01","HUAWEI-005-AT37"
"VPSPRDRAC02","HUAWEI-005-AT37"
"STOTSTAPP03","HUAWEI-001-AT32"
"STOTSTAPP05","HUAWEI-001-AT32"
"STOTSTAPP04","HUAWEI-001-AT32"
"CFRPRDRAC01","HUAWEI-001-AT32"
"CFRPRDRAC02","HUAWEI-001-AT32"
"BNXSESPRDCLN02","HUAWEI-001-AT32"
"BNXSESPRDCLN01","HUAWEI-001-AT32"
"ODPRDDB07","HUAWEI-001-AT32"
"BNXMCMTSTDB01","HUAWEI-001-AT32"
"FEPRDESX01","HUAWEI-001-AT32"
"FEPRDESX02","HUAWEI-001-AT32"
"FEPRDESX03","HUAWEI-001-AT32"
"FEPRDESX04","HUAWEI-001-AT32"
"FEPRDESX05","HUAWEI-001-AT32"
"FEPRDESX06","HUAWEI-001-AT32"
"FEPRDESX07","HUAWEI-001-AT32"
"BNXGSCPRDRAC01","HUAWEI-001-AT32"
"BNXGSCPRDRAC02","HUAWEI-001-AT32"
"BNXGSCTSTDBO01","HUAWEI-001-AT32"
"BNXMSGPRDEXC01","HUAWEI-001-AT32"
"BNXMSGPRDEXC02","HUAWEI-001-AT32"
"BNXMSGPRDEXC03","HUAWEI-001-AT32"
"BNXMSGPRDEXC04","HUAWEI-001-AT32"
"BNXMSGPRDEXC05","HUAWEI-001-AT32"
"BNXMSGPRDEXC06","HUAWEI-001-AT32"
"BNXMSGPRDEXC07","HUAWEI-001-AT32"
"BNXMSGPRDEXC08","HUAWEI-001-AT32"
"BNXMSGPRDEXC09","HUAWEI-001-AT32"
"EFKEPPRDESX03","HUAWEI-001-AT32"
"EFKEPPRDESX04","HUAWEI-001-AT32"
"BNXMCMPRDRAC01","HUAWEI-001-AT32"
"BNXMCMPRDRAC02","HUAWEI-001-AT32"
"CBPRDLX01","HUAWEI-001-AT32"
"CBPRDLX03","HUAWEI-001-AT32"
"CBPRDLX05","HUAWEI-001-AT32"
"CBPRDLX07","HUAWEI-001-AT32"
"CBPRDLX09","HUAWEI-001-AT32"
"CBPRDLX11","HUAWEI-001-AT32"
"BNXDTLPRDDB01","HUAWEI-001-AT32"
"CBTSTGEN02","HUAWEI-001-AT32"
"FBPRDESX36","HUAWEI-001-AT32"
"FBPRDESX37","HUAWEI-001-AT32"
"FBPRDESX38","HUAWEI-001-AT32"
"FBPRDESX39","HUAWEI-001-AT32"
"FBPRDESX40","HUAWEI-001-AT32"
"FBPRDESX41","HUAWEI-001-AT32"
"VDIPRDVM06","HUAWEI-001-AT32"
"VDIPRDVM07","HUAWEI-001-AT32"
"NBUPRDMST02","HUAWEI-001-AT32"
"SCETSTAPP05","HUAWEI-001-AT32"
"BNXEDPRDAPP01","HUAWEI-001-AT32"
"HCETSTRAC01","HUAWEI-001-AT32"
"HCETSTRAC02","HUAWEI-001-AT32"
"ODITSTDB02","HUAWEI-001-AT32"
"UCMPRDDB03","HUAWEI-001-AT32"
"SGXLINTSTRAC01","HUAWEI-001-AT32"
"LSXLSNTSTRAC01","HUAWEI-001-AT32"
"LSXLSNTSTRAC02","HUAWEI-001-AT32"
"IDMPRDRAC01","HUAWEI-001-AT32"
"IDMPRDRAC02","HUAWEI-001-AT32"
"DAPRDKFK10","HUAWEI-001-AT32"
"VPSPRDRAC01","HUAWEI-001-AT32"
"VPSPRDRAC02","HUAWEI-001-AT32"
"ODTSTDB01","HUAWEI-001-AT32"
"EBSTSTDB21","HUAWEI-001-AT32"
"EBSTSTAPP21","HUAWEI-001-AT32"
"EBSTSTDMZ21","HUAWEI-001-AT32"
"BNXEARPRDCLN51","HUAWEI-002-SOL5"
"SWTSTMGW50","HUAWEI-002-SOL5"
"SWTSTMGW51","HUAWEI-002-SOL5"
"LSXDRCESX01","HUAWEI-002-SOL5"
"LSXDRCESX02","HUAWEI-002-SOL5"
"DADRCKFK51","HUAWEI-002-SOL5"
"DADRCKFK52","HUAWEI-002-SOL5"
"DADRCKFK53","HUAWEI-002-SOL5"
"DADRCKFK54","HUAWEI-002-SOL5"
"DADRCKFK55","HUAWEI-002-SOL5"
"EBSTSTDMZ51","HUAWEI-002-SOL5"
"GENDRCRAC85","HUAWEI-002-SOL5"
"GENDRCRAC86","HUAWEI-002-SOL5"
"CLWDRCGENGPU1105","HUAWEI-002-SOL5"
"CLWDRCGENGPU1103","HUAWEI-002-SOL5"
"FFDRCDB03","HUAWEI-002-SOL5"
"LSXPRDRAC91","HUAWEI-002-SOL5"
"LSXPRDRAC92","HUAWEI-002-SOL5"
"ODDRCRAC01","HUAWEI-002-SOL5"
"ODDRCRAC02","HUAWEI-002-SOL5"
"BTDRCLX23","HUAWEI-002-SOL5"
"BTDRCLX22","HUAWEI-002-SOL5"
"EDTSTDB51","HUAWEI-002-SOL5"
"CBDRCRAC01","HUAWEI-002-SOL5"
"CBDRCRAC02","HUAWEI-002-SOL5"
"ATLTSTRAC51","HUAWEI-002-SOL5"
"ATLTSTRAC52","HUAWEI-002-SOL5"
"CBPREDB91","HUAWEI-002-SOL5"
"CCDRCCLN15","HUAWEI-002-SOL5"
"BTDRCLX03","HUAWEI-002-SOL5"
"BTDRCLX06","HUAWEI-002-SOL5"
"BTDRCLX09","HUAWEI-002-SOL5"
"BTDRCLX10","HUAWEI-002-SOL5"
"BTDRCLX11","HUAWEI-002-SOL5"
"BTDRCLX12","HUAWEI-002-SOL5"
"BTDRCLX13","HUAWEI-002-SOL5"
"BTDRCLX14","HUAWEI-002-SOL5"
"BTDRCLX15","HUAWEI-002-SOL5"
"BTDRCLX16","HUAWEI-002-SOL5"
"BTDRCLX17","HUAWEI-002-SOL5"
"BTDRCLX18","HUAWEI-002-SOL5"
"BTDRCLX19","HUAWEI-002-SOL5"
"BTDRCLX20","HUAWEI-002-SOL5"
"BTDRCLX21","HUAWEI-002-SOL5"
"BTDRCLX24","HUAWEI-002-SOL5"
"BTDRCLX25","HUAWEI-002-SOL5"
"BTDRCLX26","HUAWEI-002-SOL5"
"BTDRCLX27","HUAWEI-002-SOL5"
"BTDRCLX28","HUAWEI-002-SOL5"
"BTDRCLX29","HUAWEI-002-SOL5"
"BTDRCLX30","HUAWEI-002-SOL5"
"BTDRCLX31","HUAWEI-002-SOL5"
"BTDRCLX32","HUAWEI-002-SOL5"
"BTDRCLX33","HUAWEI-002-SOL5"
"BTDRCLX34","HUAWEI-002-SOL5"
"BTDRCLX35","HUAWEI-002-SOL5"
"BTDRCLX36","HUAWEI-002-SOL5"
"BTDRCLX37","HUAWEI-002-SOL5"
"BTDRCLX38","HUAWEI-002-SOL5"
"BTDRCLX39","HUAWEI-002-SOL5"
"BTDRCLX40","HUAWEI-002-SOL5"
"BTDRCLX41","HUAWEI-002-SOL5"
"BTDRCLX42","HUAWEI-002-SOL5"
"BTDRCLX43","HUAWEI-002-SOL5"
"BTDRCLX44","HUAWEI-002-SOL5"
"BTDRCLX45","HUAWEI-002-SOL5"
"BTDRCLX46","HUAWEI-002-SOL5"
"BTDRCLX47","HUAWEI-002-SOL5"
"BTDRCLX48","HUAWEI-002-SOL5"
"BTDRCLX49","HUAWEI-002-SOL5"
"BTDRCLX50","HUAWEI-002-SOL5"
"BTDRCLX51","HUAWEI-002-SOL5"
"BTDRCLX52","HUAWEI-002-SOL5"
"BTDRCLX53","HUAWEI-002-SOL5"
"BTDRCLX54","HUAWEI-002-SOL5"
"BTDRCLX55","HUAWEI-002-SOL5"
"BTDRCLX56","HUAWEI-002-SOL5"
"BTDRCLX57","HUAWEI-002-SOL5"
"BTDRCLX58","HUAWEI-002-SOL5"
"BTDRCLX59","HUAWEI-002-SOL5"
"BTDRCLX60","HUAWEI-002-SOL5"
"BTDRCLX61","HUAWEI-002-SOL5"
"BTDRCLX62","HUAWEI-002-SOL5"
"BTDRCLX63","HUAWEI-002-SOL5"
"BTDRCLX64","HUAWEI-002-SOL5"
"BTDRCLX65","HUAWEI-002-SOL5"
"BTDRCLX66","HUAWEI-002-SOL5"
"BTDRCLX67","HUAWEI-002-SOL5"
"BTDRCLX68","HUAWEI-002-SOL5"
"BTDRCLX69","HUAWEI-002-SOL5"
"BTDRCLX70","HUAWEI-002-SOL5"
"BTDRCLX71","HUAWEI-002-SOL5"
"BTDRCLX72","HUAWEI-002-SOL5"
"BTDRCLX73","HUAWEI-002-SOL5"
"SFDDRCVM01","HUAWEI-002-SOL5"
"SFDDRCVM02","HUAWEI-002-SOL5"
"SFDDRCVM03","HUAWEI-002-SOL5"
"SFDDRCVM04","HUAWEI-002-SOL5"
"SFDDRCVM05","HUAWEI-002-SOL5"
"SFDDRCVM06","HUAWEI-002-SOL5"
"SFDDRCVM07","HUAWEI-002-SOL5"
"SFDDRCVM08","HUAWEI-002-SOL5"
"KFTDRCRAC01","HUAWEI-002-SOL5"
"KFTDRCRAC02","HUAWEI-002-SOL5"
"OCMDRCRAC01","HUAWEI-002-SOL5"
"OCMDRCRAC02","HUAWEI-002-SOL5"
"CFRDRCRAC01","HUAWEI-002-SOL5"
"CFRDRCRAC02","HUAWEI-002-SOL5"
"BNXMCMTSTRAC51","HUAWEI-002-SOL5"
"BNXMCMTSTRAC52","HUAWEI-002-SOL5"
"BNXSESPRDCLN01","HUAWEI-002-SOL5"
"ESRDRCCLN09","HUAWEI-002-SOL5"
"BNXGSCTSTRAC51","HUAWEI-002-SOL5"
"BNXGSCTSTRAC52","HUAWEI-002-SOL5"
"CBTSTKPS51","HUAWEI-002-SOL5"
"BACKUPDRC5250-01","HUAWEI-002-SOL5"
"EVADRCRAC01","HUAWEI-002-SOL5"
"EVADRCRAC02","HUAWEI-002-SOL5"
"CBTSTRAC97","HUAWEI-002-SOL5"
"CBTSTRAC98","HUAWEI-002-SOL5"
"FBDRCVM_1","HUAWEI-002-SOL5"
"FBDRCVM_2","HUAWEI-002-SOL5"
"FBDRCVM_3","HUAWEI-002-SOL5"
"FBDRCVM_4","HUAWEI-002-SOL5"
"FBDRCVM_5","HUAWEI-002-SOL5"
"CBDRCLX01","HUAWEI-002-SOL5"
"CBDRCLX02","HUAWEI-002-SOL5"
"CBDRCLX03","HUAWEI-002-SOL5"
"CBDRCLX04","HUAWEI-002-SOL5"
"CBDRCLX05","HUAWEI-002-SOL5"
"CBDRCLX06","HUAWEI-002-SOL5"
"CBDRCLX07","HUAWEI-002-SOL5"
"CBDRCLX08","HUAWEI-002-SOL5"
"YNDRCCLN03","HUAWEI-002-SOL5"
"ESRDRCCLN13","HUAWEI-002-SOL5"
"ESRDRCCLN11","HUAWEI-002-SOL5"
"ANSIBLE_TEST","HUAWEI-002-SOL5"
"CLWTSTDEVGPU5103","HUAWEI-002-SOL5"
"SEATSTRAC52","HUAWEI-002-SOL5"
"SEATSTRAC51","HUAWEI-002-SOL5"
"SEADRCRAC01","HUAWEI-002-SOL5"
"SEADRCRAC02","HUAWEI-002-SOL5"
"YTSDRCRES01","HUAWEI-002-SOL5"
"SWTSTMGW51","HUAWEI-001-SOL5"
"BNXALGTSTDB51","HUAWEI-001-SOL5"
"KFTDRCRAC01","HUAWEI-001-SOL5"
"KFTDRCRAC02","HUAWEI-001-SOL5"
"OCMDRCRAC01","HUAWEI-001-SOL5"
"OCMDRCRAC02","HUAWEI-001-SOL5"
"CFRDRCRAC01","HUAWEI-001-SOL5"
"CFRDRCRAC02","HUAWEI-001-SOL5"
"LSXDRCESX02","HUAWEI-001-SOL5"
"LSXDRCESX01","HUAWEI-001-SOL5"
"BNXCBSPOCAPP51","HUAWEI-001-SOL5"
"BNXCBSPOCAPP52","HUAWEI-001-SOL5"
"BNXCBSPOCAPP53","HUAWEI-001-SOL5"
"BNXCBSPOCAPP54","HUAWEI-001-SOL5"
"ALODRCKFK58","HUAWEI-001-SOL5"
"ALODRCKFK59","HUAWEI-001-SOL5"
"ALODRCKFK60","HUAWEI-001-SOL5"
"ALODRCKFK51","HUAWEI-001-SOL5"
"ALODRCKFK52","HUAWEI-001-SOL5"
"ALODRCKFK53","HUAWEI-001-SOL5"
"ALODRCKFK54","HUAWEI-001-SOL5"
"ALODRCKFK55","HUAWEI-001-SOL5"
"ALODRCKFK56","HUAWEI-001-SOL5"
"ALODRCKFK57","HUAWEI-001-SOL5"
"CLESXDRCGEN0201","HUAWEI-001-SOL5"
"CLESXDRCGEN0202","HUAWEI-001-SOL5"
"CLESXDRCGEN0203","HUAWEI-001-SOL5"
"CLESXDRCGEN0204","HUAWEI-001-SOL5"
"CLESXDRCGEN0205","HUAWEI-001-SOL5"
"CLESXDRCGEN0206","HUAWEI-001-SOL5"
"EBSTSTDB51","HUAWEI-001-SOL5"
"EBSTSTAPP51","HUAWEI-001-SOL5"
"CLWDRCGENGPU1101","HUAWEI-001-SOL5"
"SFDDRCRAC03","HUAWEI-001-SOL5"
"SFDDRCRAC04","HUAWEI-001-SOL5"
"LSXPRDRAC91","HUAWEI-001-SOL5"
"LSXPRDRAC92","HUAWEI-001-SOL5"
"HCEDRCDB01","HUAWEI-001-SOL5"
"LSXDRCLX01","HUAWEI-001-SOL5"
"LSXDRCLX02","HUAWEI-001-SOL5"
"CBTSTRAC91","HUAWEI-001-SOL5"
"CBTSTRAC92","HUAWEI-001-SOL5"
"CBDRCRAC01","HUAWEI-001-SOL5"
"CBDRCRAC02","HUAWEI-001-SOL5"
"BTDRCMGT01","HUAWEI-001-SOL5"
"EFDRCESX01","HUAWEI-001-SOL5"
"FBDRCVM42","HUAWEI-001-SOL5"
"CSDRCMGT01","HUAWEI-001-SOL5"
"SIMDRCESX01","HUAWEI-001-SOL5"
"SIMDRCESX02","HUAWEI-001-SOL5"
"FBDRCESX20","HUAWEI-001-SOL5"
"FBDRCESX12","HUAWEI-001-SOL5"
"FBDRCESX19","HUAWEI-001-SOL5"
"FBDRCESX13","HUAWEI-001-SOL5"
"FBDRCESX17","HUAWEI-001-SOL5"
"FBDRCESX15","HUAWEI-001-SOL5"
"FBDRCESX14","HUAWEI-001-SOL5"
"FBDRCESX18","HUAWEI-001-SOL5"
"FBDRCESX16","HUAWEI-001-SOL5"
"FBDRCESX21","HUAWEI-001-SOL5"
"FBDRCESX54","HUAWEI-001-SOL5"
"FBDRCESX55","HUAWEI-001-SOL5"
"FBDRCESX56","HUAWEI-001-SOL5"
"FBDRCESX57","HUAWEI-001-SOL5"
"FBDRCVM33","HUAWEI-001-SOL5"
"FBDRCVM30","HUAWEI-001-SOL5"
"FBDRCVM34","HUAWEI-001-SOL5"
"FBDRCVM31","HUAWEI-001-SOL5"
"FBDRCVM32","HUAWEI-001-SOL5"
"FBDRCVM46","HUAWEI-001-SOL5"
"FBDRCVM45","HUAWEI-001-SOL5"
"FBDRCVM48","HUAWEI-001-SOL5"
"FBDRCVM47","HUAWEI-001-SOL5"
"FBDRCVM39","HUAWEI-001-SOL5"
"FBDRCVM35","HUAWEI-001-SOL5"
"FBDRCVM38","HUAWEI-001-SOL5"
"FBDRCVM27","HUAWEI-001-SOL5"
"FBDRCVM40","HUAWEI-001-SOL5"
"FBDRCVM41","HUAWEI-001-SOL5"
"FBDRCVM26","HUAWEI-001-SOL5"
"FBDRCVM28","HUAWEI-001-SOL5"
"FBDRCVM29","HUAWEI-001-SOL5"
"FBDRCVM25","HUAWEI-001-SOL5"
"FBDRCESX48","HUAWEI-001-SOL5"
"FBDRCESX37","HUAWEI-001-SOL5"
"FBDRCESX25","HUAWEI-001-SOL5"
"FBDRCESX24","HUAWEI-001-SOL5"
"FBDRCESX36","HUAWEI-001-SOL5"
"FBDRCESX52","HUAWEI-001-SOL5"
"FBDRCESX22","HUAWEI-001-SOL5"
"FBDRCESX51","HUAWEI-001-SOL5"
"FBDRCESX50","HUAWEI-001-SOL5"
"FBDRCESX42","HUAWEI-001-SOL5"
"FBDRCESX34","HUAWEI-001-SOL5"
"FBDRCESX31","HUAWEI-001-SOL5"
"FBDRCESX43","HUAWEI-001-SOL5"
"FBDRCESX28","HUAWEI-001-SOL5"
"FBDRCESX38","HUAWEI-001-SOL5"
"FBDRCESX30","HUAWEI-001-SOL5"
"FBDRCESX58","HUAWEI-001-SOL5"
"FBDRCESX59","HUAWEI-001-SOL5"
"FBDRCESX33","HUAWEI-001-SOL5"
"FBDRCESX44","HUAWEI-001-SOL5"
"FBDRCESX39","HUAWEI-001-SOL5"
"FBDRCESX45","HUAWEI-001-SOL5"
"FBDRCESX32","HUAWEI-001-SOL5"
"FBDRCESX46","HUAWEI-001-SOL5"
"FBDRCESX29","HUAWEI-001-SOL5"
"FBDRCESX26","HUAWEI-001-SOL5"
"FBDRCESX60","HUAWEI-001-SOL5"
"FBDRCESX53","HUAWEI-001-SOL5"
"FBDRCESX49","HUAWEI-001-SOL5"
"FBDRCESX40","HUAWEI-001-SOL5"
"FBDRCESX23","HUAWEI-001-SOL5"
"FBDRCESX35","HUAWEI-001-SOL5"
"FBDRCESX27","HUAWEI-001-SOL5"
"FBDRCESX61","HUAWEI-001-SOL5"
"FBDRCESX47","HUAWEI-001-SOL5"
"FBDRCESX41","HUAWEI-001-SOL5"
"CBTSTRAC97","HUAWEI-001-SOL5"
"CBTSTRAC98","HUAWEI-001-SOL5"
"CBDRCLX01","HUAWEI-001-SOL5"
"CBDRCLX03","HUAWEI-001-SOL5"
"CBDRCLX05","HUAWEI-001-SOL5"
"CBDRCLX07","HUAWEI-001-SOL5"
"CLWDRCGENGPU1102","HUAWEI-001-SOL5"
"CLWTSTDEVGPU5101","HUAWEI-001-SOL5"
"CLWTSTDEVGPU5102","HUAWEI-001-SOL5"
"BNXEDPRDAPP51","HUAWEI-001-SOL5"
"SEATSTRAC52","HUAWEI-001-SOL5"
"SEATSTRAC51","HUAWEI-001-SOL5"
"SEADRCRAC01","HUAWEI-001-SOL5"
"SEADRCRAC02","HUAWEI-001-SOL5"
"KFTDRCRAC01","HUAWEI-005-ANK"
"EDDRCGEN02_TEST","HUAWEI-005-ANK"
"FBDRCESX21","HUAWEI-005-ANK"
"KFTDRCRAC02","HUAWEI-005-ANK"
"YTSDRCRES01","HUAWEI-005-ANK"
"TNGDRCRAC01","HUAWEI-005-ANK"
"TNGDRCRAC02","HUAWEI-005-ANK"
"HM_YTSDRCDB01","HUAWEI-005-ANK"
"CCDRCCLN11","HUAWEI-005-ANK"
"HSTDRCDB03","HUAWEI-005-ANK"
"FRDRCDB02","HUAWEI-005-ANK"
"HM_CBDRCARC","HUAWEI-005-ANK"
"GENDRCRAC01","HUAWEI-005-ANK"
"GENDRCRAC02","HUAWEI-005-ANK"
"MSGSDRCEXC11","HUAWEI-005-ANK"
"MSGSDRCEXC12","HUAWEI-005-ANK"
"MSGSDRCEXC13","HUAWEI-005-ANK"
"MSGSDRCEXC14","HUAWEI-005-ANK"
"MSGSDRCEXC15","HUAWEI-005-ANK"
"MSGSDRCEXC16","HUAWEI-005-ANK"
"MSGSDRCEXC17","HUAWEI-005-ANK"
"SFDDRCRAC01","HUAWEI-005-ANK"
"SFDDRCRAC02","HUAWEI-005-ANK"
"SFDDRCRAC03","HUAWEI-005-ANK"
"SFDDRCRAC04","HUAWEI-005-ANK"
"CBDRCRAC86","HUAWEI-005-ANK"
"CBDRCRAC85","HUAWEI-005-ANK"
"CLWDRCGENGPU1002","HUAWEI-005-ANK"
"SEADRCRAC01","HUAWEI-005-ANK"
"SEADRCRAC02","HUAWEI-005-ANK"
"MBDRCCLN05","HUAWEI-005-ANK"
"MBEDRCCLN04","HUAWEI-005-ANK"
"FBDRCVM47","HUAWEI-005-ANK"
"FBDRCVM46","HUAWEI-005-ANK"
"FBDRCVM45","HUAWEI-005-ANK"
"EVATSTRAC91","HUAWEI-005-ANK"
"EVATSTRAC92","HUAWEI-005-ANK"
"OCMDRCRAC01","HUAWEI-005-ANK"
"OCMDRCRAC02","HUAWEI-005-ANK"
"CFRDRCRAC01","HUAWEI-005-ANK"
"TNGTSTRAC91","HUAWEI-005-ANK"
"TNGTSTRAC92","HUAWEI-005-ANK"
"KFTTSTRAC91","HUAWEI-005-ANK"
"KFTTSTRAC92","HUAWEI-005-ANK"
"GENTSTRAC91","HUAWEI-005-ANK"
"GENTSTRAC92","HUAWEI-005-ANK"
"YTSTSTDB51","HUAWEI-005-ANK"
"SEATSTRAC51","HUAWEI-005-ANK"
"SEATSTRAC52","HUAWEI-005-ANK"
"CTMTSTDB51","HUAWEI-005-ANK"
"IDMTSTRAC51","HUAWEI-005-ANK"
"IDMTSTRAC52","HUAWEI-005-ANK"
"VPSTSTRAC53","HUAWEI-005-ANK"
"VPSTSTRAC54","HUAWEI-005-ANK"
"IFMTSTDB51","HUAWEI-005-ANK"
"ECMTSTRAC53","HUAWEI-005-ANK"
"ECMTSTRAC54","HUAWEI-005-ANK"
"ODITSTDB52","HUAWEI-005-ANK"
"FEDRCVM05","HUAWEI-005-ANK"
"FEDRCVM06","HUAWEI-005-ANK"
"FEDRCVM07","HUAWEI-005-ANK"
"LSXPRDRAC91","HUAWEI-005-ANK"
"LSXPRDRAC92","HUAWEI-005-ANK"
"GENDRCRAC01_PHY","HUAWEI-005-ANK"
"GENDRCRAC02_PHY","HUAWEI-005-ANK"
"CBTSTRAC91","HUAWEI-005-ANK"
"CBTSTRAC92","HUAWEI-005-ANK"
"SCETSTDB52","HUAWEI-005-ANK"
"PSTSTDB54","HUAWEI-005-ANK"
"CBDRCRES01","HUAWEI-005-ANK"
"CBDRCGEN01","HUAWEI-005-ANK"
"KYSDRCDB01","HUAWEI-005-ANK"
"ODTSTDB91","HUAWEI-005-ANK"
"GENDRCRAC85","HUAWEI-005-ANK"
"GENDRCRAC86","HUAWEI-005-ANK"
"EBSDRCAPP21","HUAWEI-005-ANK"
"EBSDRCDMZ21","HUAWEI-005-ANK"
"YNDRCCLN03","HUAWEI-005-ANK"
"CFRDRCRAC02","HUAWEI-005-ANK"
"SWTSTAPP51","HUAWEI-005-ANK"
"COMDRCCLN03","HUAWEI-005-ANK"
"SCEDRCAPP02","HUAWEI-005-ANK"
"SCEDRCDB01","HUAWEI-005-ANK"
"VPSDRCRAC01","HUAWEI-005-ANK"
"VPSDRCRAC02","HUAWEI-005-ANK"
"VDIDRCVM03","HUAWEI-005-ANK"
"VDIDRCVM04","HUAWEI-005-ANK"
"FBDRCVM36","HUAWEI-005-ANK"
"FBDRCVM37","HUAWEI-005-ANK"
"FBDRCVM43","HUAWEI-005-ANK"
"FBDRCVM44","HUAWEI-005-ANK"
"CSDRCANS01","HUAWEI-005-ANK"
"EBSDRCDB21","HUAWEI-005-ANK"
"SWTSTAPP52","HUAWEI-005-ANK"
"ODDRCRAC01","HUAWEI-005-ANK"
"ODDRCRAC02","HUAWEI-005-ANK"
"EVADRCRAC01","HUAWEI-005-ANK"
"EVADRCRAC02","HUAWEI-005-ANK"
"YTSDRCDB02","HUAWEI-005-ANK"
"CBTSTRAC97","HUAWEI-005-ANK"
"CBTSTRAC98","HUAWEI-005-ANK"
"VMAX_651","HUAWEI-005-ANK"
"FBDRCESX56","HUAWEI-005-ANK"
"STOTSTAPP03","HUAWEI-004"
"STOTSTAPP04","HUAWEI-004"
"STOTSTAPP05","HUAWEI-004"
"YTSTSTDB01","HUAWEI-004"
"CBPRDDB09","HUAWEI-004"
"FBHWPOC01","HUAWEI-004"
"FBHWPOC02","HUAWEI-004"
"FBHWPOC03","HUAWEI-004"
"FBHWPOC_04","HUAWEI-004"
"ALOPRDKFK10","HUAWEI-004"
"CBPRDRAC85","HUAWEI-004"
"CBPRDRAC86","HUAWEI-004"
"CLWPRDGENGPU1102","HUAWEI-004"
"GGPRDDB01","HUAWEI-004"
"GGPRDDB02","HUAWEI-004"
"ODPRDDB07","HUAWEI-004"
"CBTSTRAC85","HUAWEI-004"
"CBTSTRAC86","HUAWEI-004"
"CBPRDARC01","HUAWEI-004"
"NBUPRDMST01","HUAWEI-004"
"ECMTSTRAC03","HUAWEI-004"
"CBPREDB01","HUAWEI-004"
"ODPRDRAC01_IG1","HUAWEI-004"
"ODPRDRAC01_IG2","HUAWEI-004"
"ODPRDRAC02_IG1","HUAWEI-004"
"ODPRDRAC02_IG2","HUAWEI-004"
"LSXPRDESX01","HUAWEI-004"
"LSXPRDESX02","HUAWEI-004"
"LSXPRDESX03","HUAWEI-004"
"LSXPRDRAC01","HUAWEI-004"
"LSXPRDRAC02","HUAWEI-004"
"SG_CLWTSTGENGPU1003","HUAWEI-004"
"EVAPRDRAC01","HUAWEI-004"
"EVAPRDRAC02","HUAWEI-004"
"CBPRDRAC05_IG1","HUAWEI-004"
"CBPRDRAC06_IG1","HUAWEI-004"
"CBPRDARC07","HUAWEI-004"
"NBUPRDMST02","HUAWEI-004"
"STOTSTAPP03","HUAWEI-005"
"STOTSTAPP04","HUAWEI-005"
"STOTSTAPP05","HUAWEI-005"
"SCEPRDDB03","HUAWEI-005"
"SCEPRDDB04","HUAWEI-005"
"PGMPRDSIMCAS01","HUAWEI-005"
"PGMPRDSIMCAS02","HUAWEI-005"
"PGMPRDSIMCAS03","HUAWEI-005"
"VIOTSTGEN03","HUAWEI-005"
"CSGENMST02","HUAWEI-005"
"CSGENMST03","HUAWEI-005"
"VPSPRDRAC01","HUAWEI-005"
"VPSPRDRAC02","HUAWEI-005"
"CSTSTPHI02","HUAWEI-005"
"CSTSTPHI01","HUAWEI-005"
"KFTTSTRAC01","HUAWEI-005"
"KFTTSTRAC02","HUAWEI-005"
"VIOTSTGEN03_GECICI","HUAWEI-005"
"COMPRDCLN04","HUAWEI-005"
"EPRPRDCLN02","HUAWEI-005"
"SAPRDDB01","HUAWEI-005"
"YTSPRDDB01","HUAWEI-005"
"KKPRDDB08","HUAWEI-005"
"ESRPRDCLN10","HUAWEI-005"
"ESRPRDCLN12","HUAWEI-005"
"BNXHYPVPRDCLN01","HUAWEI-005"
"BNXHYPVPRDCLN02","HUAWEI-005"
"CLWPRDGENGPU1005","HUAWEI-005"
"CLWPRDGENGPU1006","HUAWEI-005"
"CLWPRDGENGPU1010","HUAWEI-005"
"RAPRDCS01","HUAWEI-005"
"EVAPRDRAC01","HUAWEI-005"
"EVAPRDRAC02","HUAWEI-005"
"GENPRDRAC85","HUAWEI-005"
"GENPRDRAC86","HUAWEI-005"
"INBSESCLN06","HUAWEI-005"
"ESRPRDCLN14","HUAWEI-005"
"IFMPRDDB01","HUAWEI-005"
"ELKPRDDAT14","HUAWEI-005"
"SWPRDGW01","HUAWEI-005"
"BNXSWPRDMQ01","HUAWEI-005"
"BNXSWPRDMQ02","HUAWEI-005"
"SWPRDGW02","HUAWEI-005"
"EBSPRDAPP21","HUAWEI-005"
"EBSPRDAPP22","HUAWEI-005"
"MBEPRDCLN04","HUAWEI-005"
"BTPRDLX_01","HUAWEI-005"
"BTPRDLX_02","HUAWEI-005"
"BTPRDLX_03","HUAWEI-005"
"BNXUCMPRDDB04","HUAWEI-005"
"SWPRDAPP01","HUAWEI-005"
"SWPRDAPP02","HUAWEI-005"
"CCPRDCLN16","HUAWEI-005"
"SWTSTAPP01","HUAWEI-005"
"SWTSTAPP02","HUAWEI-005"
"ATMPRDHST02","HUAWEI-005"
"YNPRDCLN03","HUAWEI-005"
"SDPRDDB01","HUAWEI-005"
"OCMPRDDB01","HUAWEI-005"
"OCMPRDDB02","HUAWEI-005"
"FBPRDESX82","HUAWEI-005"
"MBPRDCLN06","HUAWEI-005"
"BNXHYPVPRDCLN03","HUAWEI-005"
"BNXSESPRDCLN02","HUAWEI-005"
"CSPRDMGT01","HUAWEI-005"
"OCMPRDRAC01","HUAWEI-005"
"OCMPRDRAC02","HUAWEI-005"
"STOTSTAPP03","HUAWEI-007"
"STOTSTAPP04","HUAWEI-007"
"STOTSTAPP05","HUAWEI-007"
"LSXPRDRAC01","HUAWEI-007"
"LSXPRDRAC02","HUAWEI-007"
"CBPRDESI01","HUAWEI-007"
"YTSPRDDB02","HUAWEI-007"
"EPRPRDCLN01","HUAWEI-007"
"COMPRDCLN03","HUAWEI-007"
"KKPRDDB07","HUAWEI-007"
"ESRPRDCLN09","HUAWEI-007"
"ESRPRDCLN11","HUAWEI-007"
"CLWTSTGENGPU1001","HUAWEI-007"
"CLWTSTGENGPU1002","HUAWEI-007"
"KYSPRDDB01","HUAWEI-007"
"GENPRDRAC85","HUAWEI-007"
"GENPRDRAC86","HUAWEI-007"
"EVAPRDRAC01","HUAWEI-007"
"EVAPRDRAC02","HUAWEI-007"
"INBSESCLN05","HUAWEI-007"
"ESRPRDCLN13","HUAWEI-007"
"PSPRDDB02","HUAWEI-007"
"ELKPRDDAT15","HUAWEI-007"
"SWPRDGW01","HUAWEI-007"
"BNXSWPRDMQ01","HUAWEI-007"
"BNXSWPRDMQ02","HUAWEI-007"
"ENXCBTSTRAC01","HUAWEI-007"
"ENXCBTSTRAC02","HUAWEI-007"
"ENXCBTSTRAC03","HUAWEI-007"
"ENXCBTSTRAC04","HUAWEI-007"
"ENXGENTSTRAC01","HUAWEI-007"
"ENXGENTSTRAC02","HUAWEI-007"
"TNGTSTRAC01","HUAWEI-007"
"TNGTSTRAC02","HUAWEI-007"
"SWPRDGW02","HUAWEI-007"
"BNXUCMPRDDB04","HUAWEI-007"
"SWPRDAPP01","HUAWEI-007"
"SWPRDAPP02","HUAWEI-007"
"TEST","HUAWEI-007"
"CBPRDGEN02","HUAWEI-007"
"HCEPRDRAC02","HUAWEI-007"
"HCEPRDRAC01","HUAWEI-007"
"CCPRDCLN15","HUAWEI-007"
"CLESXPRDGEN0101","HUAWEI-007"
"CLESXPRDGEN0102","HUAWEI-007"
"CLESXPRDGEN0103","HUAWEI-007"
"CLESXPRDGEN0104","HUAWEI-007"
"CLESXPRDGEN0105","HUAWEI-007"
"CLESXPRDGEN0106","HUAWEI-007"
"CLESXPRDGEN0107","HUAWEI-007"
"CLESXPRDGEN0108","HUAWEI-007"
"YNPRDCLN04","HUAWEI-007"
"BTPRDLX58","HUAWEI-007"
"BTPRDLX59","HUAWEI-007"
"FBPRDESX63","HUAWEI-007"
"FBPRDESX62","HUAWEI-007"
"FBPRDESX64","HUAWEI-007"
"FBPRDESX65","HUAWEI-007"
"FBPRDESX87","HUAWEI-007"
"FBPRDESX80","HUAWEI-007"
"FBPRDESX81","HUAWEI-007"
"FBPRDESX79","HUAWEI-007"
"FBPRDESX82","HUAWEI-007"
"FBPRDESX26","HUAWEI-007"
"FBPRDESX58","HUAWEI-007"
"FBPRDESX60","HUAWEI-007"
"FBPRDESX59","HUAWEI-007"
"FBPRDESX61","HUAWEI-007"
"FBPRDESX98","HUAWEI-007"
"FBPRDESX97","HUAWEI-007"
"FBPRDESX55","HUAWEI-007"
"FBPRDESX45","HUAWEI-007"
"FBPRDESX46","HUAWEI-007"
"FBPRDESX25","HUAWEI-007"
"FBPRDESX89","HUAWEI-007"
"FBPRDESX93","HUAWEI-007"
"FBPRDESX92","HUAWEI-007"
"FBPRDESX99","HUAWEI-007"
"FBPRDESX88","HUAWEI-007"
"FBPRDESX86","HUAWEI-007"
"FBPRDESX85","HUAWEI-007"
"FBPRDESX83","HUAWEI-007"
"FBPRDESX84","HUAWEI-007"
"FBPRDESX76","HUAWEI-007"
"FBPRDESX74","HUAWEI-007"
"FBPRDESX78","HUAWEI-007"
"FBPRDESX77","HUAWEI-007"
"FBPRDESX75","HUAWEI-007"
"BNXPRDESX01","HUAWEI-007"
"FBPRDESX68","HUAWEI-007"
"FBPRDESX54","HUAWEI-007"
"FBPRDESX53","HUAWEI-007"
"FBPRDESX67","HUAWEI-007"
"FBPRDESX66","HUAWEI-007"
"FBPRDESX69","HUAWEI-007"
"FBPRDESX70","HUAWEI-007"
"FBPRDESX73","HUAWEI-007"
"FBPRDESX72","HUAWEI-007"
"FBPRDESX71","HUAWEI-007"
"STOPRDAPP06","HUAWEI-007"
"MBPRDCLN05","HUAWEI-007"
"FFPRDDB03","HUAWEI-007"
"FFPRDDB04","HUAWEI-007"
"BNXEARPRDCLN01","HUAWEI-007"
"BNXEARPRDCLN02","HUAWEI-007"
"SFDPRDDB07","HUAWEI-007"
"FBPRDESX100","HUAWEI-007"
"FBPRDESX101","HUAWEI-007"
"FBPRDESX102","HUAWEI-007"
"FBPRDESX103","HUAWEI-007"
"FBPRDESX104","HUAWEI-007"
"FBPRDESX105","HUAWEI-007"
"BNXGSCPRDRAC02","HUAWEI-007"
"HUAWEI005_AT37","HUAWEI-007"
"BNXGSCPRDRAC01","HUAWEI-007"
"BNXMCMPRDRAC01","HUAWEI-007"
"BNXMCMPRDRAC02","HUAWEI-007"
"TNGDRCRAC01","HUAWEI-001-ANK"
"FBDRCESX21","HUAWEI-001-ANK"
"EDDRCGEN02","HUAWEI-001-ANK"
"CBDRCRES01","HUAWEI-001-ANK"
"TNGDRCRAC02","HUAWEI-001-ANK"
"CLESXDRCGEN0101","HUAWEI-001-ANK"
"CLESXDRCGEN0102","HUAWEI-001-ANK"
"CLESXDRCGEN0103","HUAWEI-001-ANK"
"CLESXDRCGEN0104","HUAWEI-001-ANK"
"MBDRCCLN05","HUAWEI-001-ANK"
"EVADRTRAC01","HUAWEI-001-ANK"
"EVADRTRAC02","HUAWEI-001-ANK"
"CTMDRCDB01","HUAWEI-001-ANK"
"FRADRCCLN05","HUAWEI-001-ANK"
"CBDEVDB91","HUAWEI-001-ANK"
"CBPREDB01","HUAWEI-001-ANK"
"FBDRCESX17","HUAWEI-001-ANK"
"KYSTSTDB91","HUAWEI-001-ANK"
"FBDRCESX12","HUAWEI-001-ANK"
"FBDRCESX20","HUAWEI-001-ANK"
"FBDRCESX19","HUAWEI-001-ANK"
"FBDRCESX13","HUAWEI-001-ANK"
"FBDRCESX14","HUAWEI-001-ANK"
"CBTSTRAC95","HUAWEI-001-ANK"
"FBDRCESX15","HUAWEI-001-ANK"
"FBDRCESX16","HUAWEI-001-ANK"
"FBDRCESX18","HUAWEI-001-ANK"
"CBTSTRAC96","HUAWEI-001-ANK"
"PGMTSTRAC91","HUAWEI-001-ANK"
"PGMTSTRAC92","HUAWEI-001-ANK"
"HCETSTRAC51","HUAWEI-001-ANK"
"FBDRCESX08","HUAWEI-001-ANK"
"HCETSTRAC52","HUAWEI-001-ANK"
"VPSTSTRAC51","HUAWEI-001-ANK"
"VPSTSTRAC52","HUAWEI-001-ANK"
"CTMDEVDB51","HUAWEI-001-ANK"
"SDTSTDB52","HUAWEI-001-ANK"
"LSXDRCRAC91","HUAWEI-001-ANK"
"LSXDRCRAC92","HUAWEI-001-ANK"
"SWTSTAPP52","HUAWEI-001-ANK"
"FBDRCESX58","HUAWEI-001-ANK"
"FBDRCESX59","HUAWEI-001-ANK"
"FBDRCESX60","HUAWEI-001-ANK"
"FBDRCESX61","HUAWEI-001-ANK"
"GENDRCRAC01_PHY","HUAWEI-001-ANK"
"GENDRCRAC02_PHY","HUAWEI-001-ANK"
"CBTSTRAC91","HUAWEI-001-ANK"
"CBTSTRAC92","HUAWEI-001-ANK"
"SWTSTMQ51","HUAWEI-001-ANK"
"SWTSTMQ52","HUAWEI-001-ANK"
"GENDRCRAC85","HUAWEI-001-ANK"
"GENDRCRAC86","HUAWEI-001-ANK"
"FBDRCVM34","HUAWEI-001-ANK"
"FBDRCVM31","HUAWEI-001-ANK"
"FBDRCVM33","HUAWEI-001-ANK"
"FBDRCVM32","HUAWEI-001-ANK"
"FBDRCVM30","HUAWEI-001-ANK"
"FBDRCVM48","HUAWEI-001-ANK"
"FBDRCVM46","HUAWEI-001-ANK"
"FBDRCVM45","HUAWEI-001-ANK"
"FBDRCVM47","HUAWEI-001-ANK"
"FBDRCVM38","HUAWEI-001-ANK"
"FBDRCVM37","HUAWEI-001-ANK"
"FBDRCVM39","HUAWEI-001-ANK"
"FBDRCVM36","HUAWEI-001-ANK"
"FBDRCVM35","HUAWEI-001-ANK"
"FBDRCVM40","HUAWEI-001-ANK"
"FBDRCVM28","HUAWEI-001-ANK"
"FBDRCVM41","HUAWEI-001-ANK"
"FBDRCVM42","HUAWEI-001-ANK"
"FBDRCVM25","HUAWEI-001-ANK"
"FBDRCVM26","HUAWEI-001-ANK"
"FBDRCVM27","HUAWEI-001-ANK"
"FBDRCVM29","HUAWEI-001-ANK"
"SWDRCAPP01","HUAWEI-001-ANK"
"SWDRCGW01","HUAWEI-001-ANK"
"SFDTSTRAC53","HUAWEI-001-ANK"
"SFDTSTRAC54","HUAWEI-001-ANK"
"BNXSWDRCMQ01","HUAWEI-001-ANK"
"BNXSWDRCMQ02","HUAWEI-001-ANK"
"SFDDRCRAC03","HUAWEI-001-ANK"
"SFDDRCRAC04","HUAWEI-001-ANK"
"ODDRCRAC01","HUAWEI-001-ANK"
"ODDRCRAC02","HUAWEI-001-ANK"
"SWTSTAPP51","HUAWEI-001-ANK"
"EVADRCRAC01","HUAWEI-001-ANK"
"EVADRCRAC02","HUAWEI-001-ANK"
"ECMDRCDB01","HUAWEI-001-ANK"
"NBUDRCMST02","HUAWEI-001-ANK"
"FBDRCESX11","HUAWEI-001-ANK"
"EDDRCGEN03","HUAWEI-001-ANK"
"FFDRCESX01","HUAWEI-001-ANK"
"FFDRCESX02","HUAWEI-001-ANK"
"ELKDRCDAT01","HUAWEI-001-ANK"
"ELKDRCDAT02","HUAWEI-001-ANK"
"ELKDRCDAT03","HUAWEI-001-ANK"
"ELKDRCDAT04","HUAWEI-001-ANK"
"CBDRCKPS01","HUAWEI-001-ANK"
"CBDRCKPS02","HUAWEI-001-ANK"
"CLESXDRCGEN0105","HUAWEI-001-ANK"
"CLESXDRCGEN0106","HUAWEI-001-ANK"
"YTSDRCRES01","HUAWEI-001-ANK"
"FBDRCESX22","HUAWEI-001-ANK"
"FBDRCESX23","HUAWEI-001-ANK"
"FBDRCESX24","HUAWEI-001-ANK"
"FBDRCESX25","HUAWEI-001-ANK"
"FBDRCESX26","HUAWEI-001-ANK"
"FBDRCESX27","HUAWEI-001-ANK"
"FBDRCESX28","HUAWEI-001-ANK"
"FBDRCESX29","HUAWEI-001-ANK"
"FBDRCESX30","HUAWEI-001-ANK"
"FBDRCESX31","HUAWEI-001-ANK"
"FBDRCESX32","HUAWEI-001-ANK"
"FBDRCESX33","HUAWEI-001-ANK"
"FBDRCESX34","HUAWEI-001-ANK"
"FBDRCESX35","HUAWEI-001-ANK"
"FBDRCESX36","HUAWEI-001-ANK"
"FBDRCESX37","HUAWEI-001-ANK"
"FBDRCESX38","HUAWEI-001-ANK"
"FBDRCESX39","HUAWEI-001-ANK"
"FBDRCESX40","HUAWEI-001-ANK"
"FBDRCESX41","HUAWEI-001-ANK"
"FBDRCESX42","HUAWEI-001-ANK"
"FBDRCESX43","HUAWEI-001-ANK"
"FBDRCESX44","HUAWEI-001-ANK"
"FBDRCESX45","HUAWEI-001-ANK"
"FBDRCESX46","HUAWEI-001-ANK"
"FBDRCESX47","HUAWEI-001-ANK"
"FBDRCESX48","HUAWEI-001-ANK"
"FBDRCESX49","HUAWEI-001-ANK"
"FBDRCESX50","HUAWEI-001-ANK"
"FBDRCESX51","HUAWEI-001-ANK"
"FBDRCESX52","HUAWEI-001-ANK"
"FBDRCESX53","HUAWEI-001-ANK"
"FBDRCESX54","HUAWEI-001-ANK"
"FBDRCESX55","HUAWEI-001-ANK"
"FBDRCESX56","HUAWEI-001-ANK"
"FBDRCESX57","HUAWEI-001-ANK"
"KMPDRCDB02","HUAWEI-001-ANK"
"KMPDRCDB03","HUAWEI-001-ANK"
"HM_YTSDRCDB01","HUAWEI-001-ANK"
"ATMDRCHST02","HUAWEI-001-ANK"
"HM_CBDRCARC","HUAWEI-001-ANK"
"GENDRCRAC01","HUAWEI-001-ANK"
"GENDRCRAC02","HUAWEI-001-ANK"
"MSGSDRCEXC11","HUAWEI-001-ANK"
"MSGSDRCEXC12","HUAWEI-001-ANK"
"MSGSDRCEXC13","HUAWEI-001-ANK"
"MSGSDRCEXC14","HUAWEI-001-ANK"
"MSGSDRCEXC15","HUAWEI-001-ANK"
"MSGSDRCEXC16","HUAWEI-001-ANK"
"MSGSDRCEXC17","HUAWEI-001-ANK"
"CBDRCRAC85","HUAWEI-001-ANK"
"CBDRCRAC86","HUAWEI-001-ANK"
"CLDRCGENGPU1001","HUAWEI-001-ANK"
"ALMDRCCLN01","HUAWEI-001-ANK"
"FFDRCESX03","HUAWEI-001-ANK"
"STOTSTAPP03","HUAWEI-005-DE39"
"STOTSTAPP04","HUAWEI-005-DE39"
"STOTSTAPP05","HUAWEI-005-DE39"
"SFDPRDDB07","HUAWEI-005-DE39"
"CFRPRDRAC01","HUAWEI-005-DE39"
"CFRPRDRAC02","HUAWEI-005-DE39"
"CBPRDARC05","HUAWEI-005-DE39"
"GENPRDRAC01","HUAWEI-005-DE39"
"GENPRDRAC02","HUAWEI-005-DE39"
"BNXMSGPRDEXC01","HUAWEI-005-DE39"
"BNXMSGPRDEXC02","HUAWEI-005-DE39"
"BNXMSGPRDEXC03","HUAWEI-005-DE39"
"BNXMSGPRDEXC04","HUAWEI-005-DE39"
"BNXMSGPRDEXC05","HUAWEI-005-DE39"
"BNXMSGPRDEXC06","HUAWEI-005-DE39"
"BNXMSGPRDEXC07","HUAWEI-005-DE39"
"BNXMSGPRDEXC08","HUAWEI-005-DE39"
"BNXMSGPRDEXC09","HUAWEI-005-DE39"
"CBPRDLX02","HUAWEI-005-DE39"
"CBPRDLX04","HUAWEI-005-DE39"
"CBPRDLX06","HUAWEI-005-DE39"
"CBPRDLX08","HUAWEI-005-DE39"
"CBPRDLX10","HUAWEI-005-DE39"
"CBPRDLX12","HUAWEI-005-DE39"
"BTPRDMGT01","HUAWEI-005-DE39"
"DAPRDKFK12","HUAWEI-005-DE39"
"CBPRDDB05","HUAWEI-005-DE39"
"DEMPRDAPP01","HUAWEI-005-DE39"
"FFTSTDB05","HUAWEI-005-DE39"
"HKPRDDB01","HUAWEI-005-DE39"
"ODIPRDDB02","HUAWEI-005-DE39"
"STOTSTAPP03","HUAWEI-002"
"STOTSTAPP04","HUAWEI-002"
"STOTSTAPP05","HUAWEI-002"
"YTSTSTDB01","HUAWEI-002"
"CBPRDDB09","HUAWEI-002"
"FEDWHPRDDB01","HUAWEI-002"
"CBPRDRAC85","HUAWEI-002"
"CBPRDRAC86","HUAWEI-002"
"SFDPRDRAC13","HUAWEI-002"
"SFDPRDRAC14","HUAWEI-002"
"ALOPRDKFK13","HUAWEI-002"
"CLWPRDGENGPU1103","HUAWEI-002"
"CBTSTRAC85","HUAWEI-002"
"CBTSTRAC86","HUAWEI-002"
"CBPRDARC01","HUAWEI-002"
"BSMPRDDB01","HUAWEI-002"
"BTPRDLX08","HUAWEI-002"
"BTPRDLX10","HUAWEI-002"
"FBPRDHYP01","HUAWEI-002"
"FBPRDHYP02","HUAWEI-002"
"HMNPRDDB04","HUAWEI-002"
"HMNPRDDB05","HUAWEI-002"
"KKPRDDB05","HUAWEI-002"
"ECMTSTRAC03","HUAWEI-002"
"ECMTSTRAC04","HUAWEI-002"
"CBTSTDB07","HUAWEI-002"
"BTPRDLX12","HUAWEI-002"
"BTPRDLX13","HUAWEI-002"
"MSPRDAPPSS03","HUAWEI-002"
"CBPRDRAC06_IG2","HUAWEI-002"
"BTPRDLX16","HUAWEI-002"
"BTPRDLX18","HUAWEI-002"
"BTPRDLX20","HUAWEI-002"
"BTPRDLX22","HUAWEI-002"
"BTPRDLX23","HUAWEI-002"
"BTPRDLX24","HUAWEI-002"
"BTPRDLX26","HUAWEI-002"
"BTPRDLX28","HUAWEI-002"
"BTPRDLX30","HUAWEI-002"
"BTPRDLX32","HUAWEI-002"
"BTPRDLX34","HUAWEI-002"
"BTPRDLX36","HUAWEI-002"
"BTPRDLX38","HUAWEI-002"
"BTPRDLX40","HUAWEI-002"
"BTPRDLX42","HUAWEI-002"
"BTPRDLX44","HUAWEI-002"
"BTPRDLX46","HUAWEI-002"
"BTPRDLX48","HUAWEI-002"
"BTPRDLX50","HUAWEI-002"
"BTPRDLX52","HUAWEI-002"
"BTPRDLX54","HUAWEI-002"
"BTPRDLX56","HUAWEI-002"
"BTPRDLX58","HUAWEI-002"
"BTPRDLX60","HUAWEI-002"
"BTPRDLX62","HUAWEI-002"
"BTPRDLX64","HUAWEI-002"
"BTPRDLX66","HUAWEI-002"
"BTPRDLX68","HUAWEI-002"
"SFDPRDVM02","HUAWEI-002"
"SFDPRDVM04","HUAWEI-002"
"SFDPRDVM06","HUAWEI-002"
"SFDPRDVM08","HUAWEI-002"
"MSPRDAPPSS04","HUAWEI-002"
"ODPRDRAC01_IG1","HUAWEI-002"
"CBPRDRAC05_IG2","HUAWEI-002"
"ODPRDRAC02_IG1","HUAWEI-002"
"CBPRDARC07","HUAWEI-002"
"FEGNLPRDDB01","HUAWEI-002"
"CLESXPRDGEN0101","HUAWEI-002"
"CLESXPRDGEN0102","HUAWEI-002"
"CLESXPRDGEN0103","HUAWEI-002"
"CLESXPRDGEN0104","HUAWEI-002"
"CLESXPRDGEN0105","HUAWEI-002"
"CLWPRDGENGPU1009","HUAWEI-002"
"LSXPRDESX02","HUAWEI-002"
"LSXPRDESX01","HUAWEI-002"
"LSXPRDESX03","HUAWEI-002"
"DAPRDKFK04","HUAWEI-002"
"DAPRDKFK05","HUAWEI-002"
"LSXPRDRAC01","HUAWEI-002"
"LSXPRDRAC02","HUAWEI-002"
"CLESXPRDGEN0107","HUAWEI-002"
"LSXPRDLX01","HUAWEI-002"
"LSXPRDLX02","HUAWEI-002"
"CLWPRDGENGPU1105","HUAWEI-002"
"GENPRDRAC85","HUAWEI-002"
"GENPRDRAC86","HUAWEI-002"
"BTPRDLX70","HUAWEI-002"
"BTPRDLX72","HUAWEI-002"
"BTPRDLX74","HUAWEI-002"
"BTPRDLX76","HUAWEI-002"
"BTPRDLX78","HUAWEI-002"
"BTPRDLX80","HUAWEI-002"
"BTPRDLX82","HUAWEI-002"
"BTPRDLX84","HUAWEI-002"
"BTPRDLX86","HUAWEI-002"
"BTPRDLX88","HUAWEI-002"
"CLESXPRDGEN0106","HUAWEI-002"
"CLESXPRDGEN0108","HUAWEI-002"
"BTPRDLX29","HUAWEI-002"
"STOPRDAPP06","HUAWEI-002"
"SWTSTAPP01","HUAWEI-002"
"SWTSTAPP02","HUAWEI-002"
"VSERVER        VOLUME","ANK_AFF_CLS_01"
"ANK_AFF_CLS_01 MDV_CRS_B8C512B0B4EB11EE9502D039EAAFE943_A","ANK_AFF_CLS_01"
"ANK_AFF_CLS_01 MDV_CRS_B8C512B0B4EB11EE9502D039EAAFE943_B","ANK_AFF_CLS_01"
"ANK_AFF_CLS_01 MDV_CRS_CB0DFB79B4EE11EE89BDD039EAAFEA5B_A","ANK_AFF_CLS_01"
"ANK_AFF_CLS_01 MDV_CRS_CB0DFB79B4EE11EE89BDD039EAAFEA5B_B","ANK_AFF_CLS_01"
"ANK_AFF_CLS_01-01 VOL0","ANK_AFF_CLS_01"
"ANK_AFF_CLS_01-02 VOL0","ANK_AFF_CLS_01"
"CORE_PRINTING  CORE_PRINTING_ROOT","ANK_AFF_CLS_01"
"CORE_PRINTING  TR_CORETEST_SHARED_2_DEST","ANK_AFF_CLS_01"
"CORE_PRINTING  AUDIT_LOG_DEST","ANK_AFF_CLS_01"
"CORE_PRINTING  CBPRDAPP_PRINTING_DEST","ANK_AFF_CLS_01"
"CORE_SESSION-MC CORE_SESSION_ROOT","ANK_AFF_CLS_01"
"CORE_SESSION-MC TR_COREPROD_SHARED_2_DEST","ANK_AFF_CLS_01"
"CORE_SESSION-MC TR_TEST_DEST","ANK_AFF_CLS_01"
"CORE_SESSION-MC CBPRDAPP_SESSION_ROOT_DEST","ANK_AFF_CLS_01"
"CORE_TEST_PRINTING CORE_TEST_PRINTING_ROOT","ANK_AFF_CLS_01"
"CORE_TEST_PRINTING TR_CORETEST_SHARED_2_DT","ANK_AFF_CLS_01"
"CORE_TEST_PRINTING CB_TEST_PRINTING1_DT","ANK_AFF_CLS_01"
"CORE_TEST_PRINTING CB_TEST_PRINTING_DT","ANK_AFF_CLS_01"
"GENERIC_AFF1   GENERIC_PROD_ROOT","ANK_AFF_CLS_01"
"GENERIC_AFF1   EFFTEST","ANK_AFF_CLS_01"
"GENERIC_AFF1   UOM_PRINTING_REPTEST_DEST","ANK_AFF_CLS_01"
"GENERIC_AFF1   VOL_AUDIT_DEST","ANK_AFF_CLS_01"
"GENERIC_AFF1   VOL_CBPRDMFT_INFOE_DEST","ANK_AFF_CLS_01"
"GENERIC_AFF1   VOL_EBS_DEST","ANK_AFF_CLS_01"
"GENERIC_AFF1   VOL_OCPPRDDMZ02_REGISTRY_DEST","ANK_AFF_CLS_01"
"GENERIC_AFF1   VOL_OCPPRDDMZ02_RWM_DEST","ANK_AFF_CLS_01"
"GENERIC_AFF1   VOL_OCPPRDGEN02_REGISTRY_DEST","ANK_AFF_CLS_01"
"GENERIC_AFF1   VOL_OCPPRDGEN02_RWM_DEST","ANK_AFF_CLS_01"
"GENERIC_AFF1   VOL_OCRM_DEST","ANK_AFF_CLS_01"
"GENERIC_AFF2-MC GENERIC_AFF2_ROOT","ANK_AFF_CLS_01"
"BACKUPTEST     BACKUPCOMMVAULT","ANK_AFF_CLS_01"
"BACKUPTEST     BACKUPCOMMVAULT_V2","ANK_AFF_CLS_01"
"BACKUPTEST     BACKUPTEST_ROOT","ANK_AFF_CLS_01"
"SVM_TEST2-MC   EFFICIENCYTEST","ANK_AFF_CLS_01"
"SVM_TEST2-MC   SVM_TEST2_ROOT","ANK_AFF_CLS_01"
"VSERVER_LDAPS  VSERVER_LDAPS_ROOT","ANK_AFF_CLS_01"
"VSERVER_LDAPS2-MC SEAL_TEST","ANK_AFF_CLS_01"
"VSERVER_LDAPS2-MC VSERVER_LDAPS2_ROOT","ANK_AFF_CLS_01"
"A400_01 VOL0","UMR_CLS"
"A400_02 VOL0","UMR_CLS"
"ANSIBLE_TEST ANSIBLE_TEST_ROOT","UMR_CLS"
"ANSIBLE_TEST TEST_SIL","UMR_CLS"
"ANSIBLE_TEST VOL_ANSIBLETEST","UMR_CLS"
"BNXINFPRDFLS01 BNXINFPRDFLS01_ROOT","UMR_CLS"
"BNXINFPRDFLS01 VOL_SRVSOURCEDRIVE","UMR_CLS"
"CBPRDAPP CBPRDAPP_ROOT","UMR_CLS"
"CBPRDAPP TR_COREPROD_SHARED_2_DEST","UMR_CLS"
"CBPRDAPP CB_TEST_PRINTING1_DEST","UMR_CLS"
"CBPRDAPP COREPROD_DUMP","UMR_CLS"
"CBPRDAPP VOL_CBPRDAPP_PRINTING_DEST","UMR_CLS"
"CBPRDAPP VOL_IFMPRDPWC0102","UMR_CLS"
"CBPRDAPP VOL_PEGA_DEST","UMR_CLS"
"CBPRDAPP VOL_PEGA_TEMP_DEST","UMR_CLS"
"CBPRDAPP VOL_PGMPRDSIMOUT_DEST","UMR_CLS"
"CBPRDAPP_EMRG CBPRDAPP_EMRG_ROOT","UMR_CLS"
"CBPRDAPP_EMRG TR_COREPREPROD_EMERGENCY","UMR_CLS"
"CBTSTAPP_EMRG CBTSTAPP_EMRG_ROOT","UMR_CLS"
"CBTSTAPP_EMRG TR_COREDEV_EMERGENCY","UMR_CLS"
"CBTSTAPP_EMRG TR_COREDEV_EMERGENCY2","UMR_CLS"
"CBTSTAPP_EMRG TR_CORETEST_SHARED_2_DT_DEST","UMR_CLS"
"CBTSTAPP_EMRG CB_TEST_PRINTING_DT_DEST","UMR_CLS"
"CIGNA   CIGNA_ROOT","UMR_CLS"
"CIGNA   VOL_CIGNA_FLEX","UMR_CLS"
"CIGNA   VOL_CIGNA_FLEX_PREPROD","UMR_CLS"
"CIGNA   VOL_CIGNA_FLEX_SIM","UMR_CLS"
"CIGNA   VOL_DYSPREPROD","UMR_CLS"
"CIGNA   VOL_DYSPROD","UMR_CLS"
"CIGNA   VOL_FEBPFPRDAPP0102","UMR_CLS"
"CIGNA   VOL_FEBPFPREAPP0102","UMR_CLS"
"CIGNA   VOL_FEDRPPRDWEB","UMR_CLS"
"CIGNA   VOL_FEDRPPRDWEB0304","UMR_CLS"
"CIGNA   VOL_FEDRPPRDWEB2","UMR_CLS"
"CIGNA   VOL_FEDRPPREWEB","UMR_CLS"
"CIGNA   VOL_FEEDFPRDAPP","UMR_CLS"
"CIGNA   VOL_FEEDFPRDAPP_ARCHIVE","UMR_CLS"
"CIGNA   VOL_FEJIRAPRD","UMR_CLS"
"CIGNA   VOL_FEMDLPPRDAPP","UMR_CLS"
"CIGNA   VOL_FEMDLPREAPP","UMR_CLS"
"CIGNA   VOL_FEMIPPREAPP","UMR_CLS"
"CIGNA_CALL_RECORD CIGNA_LOG_ROOT","UMR_CLS"
"CIGNA_CALL_RECORD VOL_NASPRDFESPA","UMR_CLS"
"CRM_ONLINE CRM_ONLINE_ROOT","UMR_CLS"
"CRM_ONLINE VOL_CRM_DEV","UMR_CLS"
"CRM_ONLINE VOL_CRM_TEST","UMR_CLS"
"DEPOT   DEPOT_ROOT","UMR_CLS"
"DEPOT   VOL_DEPOT_AUDIT","UMR_CLS"
"DEPOT   VOL_APP_TEST","UMR_CLS"
"DEPOT   VOL_CLOUDPOINT","UMR_CLS"
"DEPOT   VOL_CRASH_CORESYS","UMR_CLS"
"DEPOT   VOL_DEPOT_APPJAVA","UMR_CLS"
"DEPOT   VOL_DEPOT_CORESYS","UMR_CLS"
"DEPOT   VOL_DEPOT_DATABASE","UMR_CLS"
"DEPOT   VOL_DEPOT_OPENSOL","UMR_CLS"
"DEPOT   VOL_DEPOT_SECURITYSYS","UMR_CLS"
"DEPOT   VOL_DEPOT_STORAGESYS","UMR_CLS"
"DEPOT   VOL_DEPOT_SYSMONITORING","UMR_CLS"
"DEPOT   VOL_MKSYSB_CORESYS","UMR_CLS"
"DEPOT   VOL_SHADOWCOPY","UMR_CLS"
"DMZDENEME DMZDENEME_ROOT","UMR_CLS"
"DMZ_TEST DMZ_TEST_ROOT","UMR_CLS"
"DMZ_TEST VOL_AUTTSTAPP","UMR_CLS"
"E-FINANS E_FINANS_PROD_ROOT","UMR_CLS"
"E-FINANS KEP_PROD","UMR_CLS"
"E-FINANS KEP_PROD_ARCHIVE","UMR_CLS"
"E-FINANS VOL_EARSIV_PROD","UMR_CLS"
"E-FINANS VOL_EFATURA_PROD","UMR_CLS"
"E-FINANS VOL_EFATURA_PROD_ARCHIVE","UMR_CLS"
"E-FINANS VOL_EFINANS_EDEFTER_PROD","UMR_CLS"
"E-FINANS VOL_EFINANS_EDEFTER_PROD_ARCHIVE","UMR_CLS"
"E-FINANS_TEST KEP_TEST","UMR_CLS"
"E-FINANS_TEST KEP_TEST_ROOT","UMR_CLS"
"E-FINANS_TEST VOL_EFBOTTSTAPP","UMR_CLS"
"ENPARATEST ENPARATEST_ROOT","UMR_CLS"
"ENPARA_TEST ENPARA_TEST_ROOT","UMR_CLS"
"EXT_817 EXT_817_ROOT","UMR_CLS"
"EXT_817 VOL_EFTPRDAPP","UMR_CLS"
"EXT_817 VOL_FSTPRDAPP","UMR_CLS"
"EXT_81195_3TH EXT_81195_3TH_ROOT","UMR_CLS"
"EXT_81195_3TH VOL_AV_ORBIS_AUDIT","UMR_CLS"
"EXT_81195_3TH VOL_BAREMETAL_DMZ","UMR_CLS"
"EXT_81195_3TH VOL_FILEORBIS","UMR_CLS"
"EXT_81195_3TH VOL_YTSPRDAPP","UMR_CLS"
"EXT_DMZBACKUP EXT_DMZBACKUP_ROOT","UMR_CLS"
"EXT_DMZBACKUP VOL_AV_AUDIT_BCK","UMR_CLS"
"EXT_DMZBACKUP VOL_DMZBCK","UMR_CLS"
"EXT_DMZSOURCE EXT_DMZSOURCE_ROOT","UMR_CLS"
"EXT_DMZSOURCE VOL_AV_AUDIT","UMR_CLS"
"EXT_DMZSOURCE VOL_DMZSRC","UMR_CLS"
"ENTVAULT ENTVAULT_ROOT","UMR_CLS"
"ENTVAULT VOL_EV","UMR_CLS"
"ENTVAULT VOL_EV_2","UMR_CLS"
"ENTVAULT VOL_EV_3","UMR_CLS"
"ENTVAULT VOL_EV_CIGNA","UMR_CLS"
"ENTVAULT VOL_ENDUSER","UMR_CLS"
"ENTVAULT VOL_KAMPANYA_EV","UMR_CLS"
"ENTVAULT VOL_KAMPANYA_EV_2","UMR_CLS"
"ENTVAULT VOL_KAMPANYA_EV_3","UMR_CLS"
"ENTVAULT VOL_KAMPANYA_EV_4","UMR_CLS"
"FAS8700_01 VOL0","UMR_CLS"
"FAS8700_02 VOL0","UMR_CLS"
"FSPRDINFRA FSPRDINFRA_ROOT","UMR_CLS"
"FSPRDINFRA CIGNA","UMR_CLS"
"FSPRDINFRA VOL_FSPRDINFRA","UMR_CLS"
"FSPRDINFRA VOL_FSPRDINFRA_AUDIT","UMR_CLS"
"FSPRDINFRA VOL_AUTOMATIONANYWHERE","UMR_CLS"
"FSPRDINFRA VOL_CIGNAAUTOMATIONANYWHERE","UMR_CLS"
"FILESERVER FILESERVER_ROOT","UMR_CLS"
"FILESERVER VOL_FS_AUDIT","UMR_CLS"
"FILESERVER VOL_TRENDMICRO_TEST","UMR_CLS"
"FINANSFAKTORING FINANSFAKTORING_ROOT","UMR_CLS"
"FINANSFAKTORING VOL_FAKTORING_APP34","UMR_CLS"
"FINANSFAKTORING VOL_FAKTORING_PREAPP","UMR_CLS"
"FINANSFAKTORING VOL_FFTSTAPP0304","UMR_CLS"
"FINANSFAKTORING VOL_FFTSTCDVAPP","UMR_CLS"
"FINANSFAKTORING_PROD FINANSFAKTORING_PROD_ROOT","UMR_CLS"
"FINANSFAKTORING_PROD VOL_FAKTORING_PROD","UMR_CLS"
"FINANSFAKTORING_PROD VOL_FFPRDAPP","UMR_CLS"
"FINANSFAKTORING_PROD VOL_FFPRDCDVAPP","UMR_CLS"
"FINANSLEASING FINANSLEASING_ROOT","UMR_CLS"
"FINANSLEASING VOL_AUDIT_FINANSLEASING","UMR_CLS"
"FINANSLEASING VOL_FLEPRDAPP","UMR_CLS"
"FINANSLEASING VOL_FLEPRDDGWAPP","UMR_CLS"
"FINANSLEASING VOL_FLEPREAPP0102","UMR_CLS"
"FINANSLEASING VOL_FLEPREDGWAPP","UMR_CLS"
"FINANSLEASING VOL_FLETSTDGWAPP","UMR_CLS"
"FINANSLEASING VOL_OUTPUT","UMR_CLS"
"FINANSLEASING VOL_OUTPUT_NFS","UMR_CLS"
"FINANSLEASING VOL_PCGECIS","UMR_CLS"
"FINANSLEASING VOL_QNBLEASING","UMR_CLS"
"GENERIC_DMZ GENERIC_DMZ_ROOT","UMR_CLS"
"GENERIC_DMZ VOL_DEPLOYREPO","UMR_CLS"
"GENERIC_DMZ VOL_DKIMAGES","UMR_CLS"
"GENERIC_PROD GENERIC_PROD_ROOT","UMR_CLS"
"GENERIC_PROD PSM","UMR_CLS"
"GENERIC_PROD QNBPAYPSM","UMR_CLS"
"GENERIC_PROD RHEV_RHEV_PROD","UMR_CLS"
"GENERIC_PROD VOL_GENERIC_PROD_AUDIT","UMR_CLS"
"GENERIC_PROD VOL_ALOPRDKFK","UMR_CLS"
"GENERIC_PROD VOL_ARTPRDAPP","UMR_CLS"
"GENERIC_PROD VOL_ARTPRDAPP_BCK","UMR_CLS"
"GENERIC_PROD VOL_BAREMETAL","UMR_CLS"
"GENERIC_PROD VOL_BDPPRDMST","UMR_CLS"
"GENERIC_PROD VOL_BLACKLIST","UMR_CLS"
"GENERIC_PROD VOL_BLKPRDAPP","UMR_CLS"
"GENERIC_PROD VOL_BLKPRDAPP_01","UMR_CLS"
"GENERIC_PROD VOL_CBEDUAPP","UMR_CLS"
"GENERIC_PROD VOL_CBEDUAPP1011","UMR_CLS"
"GENERIC_PROD VOL_CBOTPRDAUDITLOG","UMR_CLS"
"GENERIC_PROD VOL_CBPRDCS","UMR_CLS"
"GENERIC_PROD VOL_CBPRDGEN","UMR_CLS"
"GENERIC_PROD VOL_CBPRDGEN_KOS","UMR_CLS"
"GENERIC_PROD VOL_CBPRDGEN_RES_TEMP","UMR_CLS"
"GENERIC_PROD VOL_CBPRDSCH","UMR_CLS"
"GENERIC_PROD VOL_CHATBOT_PROD","UMR_CLS"
"GENERIC_PROD VOL_CNFPRDAPP1011","UMR_CLS"
"GENERIC_PROD VOL_CTMPRDAPP","UMR_CLS"
"GENERIC_PROD VOL_DAPRDAPP","UMR_CLS"
"GENERIC_PROD VOL_DAPRDFLK","UMR_CLS"
"GENERIC_PROD VOL_DAPRDFLK010203","UMR_CLS"
"GENERIC_PROD VOL_DGWPRDAPP","UMR_CLS"
"GENERIC_PROD VOL_DOCKER","UMR_CLS"
"GENERIC_PROD VOL_EBSPRDWS","UMR_CLS"
"GENERIC_PROD VOL_ECMPRDAPP","UMR_CLS"
"GENERIC_PROD VOL_ESB","UMR_CLS"
"GENERIC_PROD VOL_EVAMPRD","UMR_CLS"
"GENERIC_PROD VOL_FB_KEP_PROD","UMR_CLS"
"GENERIC_PROD VOL_FBDEFTER_PROD","UMR_CLS"
"GENERIC_PROD VOL_FBDEFTER_PROD_ARCHIVE","UMR_CLS"
"GENERIC_PROD VOL_FBDEFTER_PROD_CLONE_123","UMR_CLS"
"GENERIC_PROD VOL_FLINK_PROD","UMR_CLS"
"GENERIC_PROD VOL_FNYPRDAPP","UMR_CLS"
"GENERIC_PROD VOL_GUVENLIK_RAPORLAR","UMR_CLS"
"GENERIC_PROD VOL_GUVENLIK_SASDATA","UMR_CLS"
"GENERIC_PROD VOL_HPSA","UMR_CLS"
"GENERIC_PROD VOL_ICPPRDMST","UMR_CLS"
"GENERIC_PROD VOL_INSIGHTS_PROD","UMR_CLS"
"GENERIC_PROD VOL_JRAPRDAPP","UMR_CLS"
"GENERIC_PROD VOL_KFTPRDAPP","UMR_CLS"
"GENERIC_PROD VOL_KRYPRDWEB0102","UMR_CLS"
"GENERIC_PROD VOL_LOGOERM","UMR_CLS"
"GENERIC_PROD VOL_MADPRDGEN","UMR_CLS"
"GENERIC_PROD VOL_MAEPRDAPP","UMR_CLS"
"GENERIC_PROD VOL_MCPRDAPP_SHARED","UMR_CLS"
"GENERIC_PROD VOL_MIDPRDAPP","UMR_CLS"
"GENERIC_PROD VOL_MSCPRDAPP01_02","UMR_CLS"
"GENERIC_PROD VOL_MSPPRDAPP01_02","UMR_CLS"
"GENERIC_PROD VOL_MSPRDAPP","UMR_CLS"
"GENERIC_PROD VOL_MSPRDAPP0405","UMR_CLS"
"GENERIC_PROD VOL_MSPRDAPPSS","UMR_CLS"
"GENERIC_PROD VOL_OCPPRDCSY01_REGISTRY","UMR_CLS"
"GENERIC_PROD VOL_OCPPRDCSY01_RWM","UMR_CLS"
"GENERIC_PROD VOL_OCPPRDGEN01_REGISTRY","UMR_CLS"
"GENERIC_PROD VOL_OCPPRDGEN01_RWM","UMR_CLS"
"GENERIC_PROD VOL_OCPPRDGEN10_REGISTRY","UMR_CLS"
"GENERIC_PROD VOL_OCPPRDGEN10_RWM","UMR_CLS"
"GENERIC_PROD VOL_OCPPRDGEN11_REGISTRY","UMR_CLS"
"GENERIC_PROD VOL_OCPPRDGEN11_RWM","UMR_CLS"
"GENERIC_PROD VOL_OCPPRDGENGPU01_REGISTRY","UMR_CLS"
"GENERIC_PROD VOL_OCPPRDGENGPU01_RWM","UMR_CLS"
"GENERIC_PROD VOL_OCPPRDHUB01_REGISTRY","UMR_CLS"
"GENERIC_PROD VOL_OCPPRDHUB01_RWM","UMR_CLS"
"GENERIC_PROD VOL_OCPPRDWISE01_REGISTRY","UMR_CLS"
"GENERIC_PROD VOL_OCPPRDWISE01_RWM","UMR_CLS"
"GENERIC_PROD VOL_OCPPRDWISE10_REGISTRY","UMR_CLS"
"GENERIC_PROD VOL_OCPPRDWISE10_RWM","UMR_CLS"
"GENERIC_PROD VOL_OPENSHIFT01","UMR_CLS"
"GENERIC_PROD VOL_OPENSHIFT02","UMR_CLS"
"GENERIC_PROD VOL_PARAGON_PROD","UMR_CLS"
"GENERIC_PROD VOL_PROMETIAALM_PROD","UMR_CLS"
"GENERIC_PROD VOL_RSSPRDAPP","UMR_CLS"
"GENERIC_PROD VOL_RSSPRDAPP0102","UMR_CLS"
"GENERIC_PROD VOL_SASDEPOT","UMR_CLS"
"GENERIC_PROD VOL_SASDEPOT_PROD","UMR_CLS"
"GENERIC_PROD VOL_SASMETA","UMR_CLS"
"GENERIC_PROD VOL_SASMETA_PROD","UMR_CLS"
"GENERIC_PROD VOL_SASSHARE","UMR_CLS"
"GENERIC_PROD VOL_SASSHARE_PROD","UMR_CLS"
"GENERIC_PROD VOL_SFDPRD","UMR_CLS"
"GENERIC_PROD VOL_SFDPRD_GECICI","UMR_CLS"
"GENERIC_PROD VOL_SFDPRDORC","UMR_CLS"
"GENERIC_PROD VOL_SFM_GUVENLIK_RAPORLAR","UMR_CLS"
"GENERIC_PROD VOL_SFM_GUVENLIK_SASDATA","UMR_CLS"
"GENERIC_PROD VOL_SFM_SASDEPOT","UMR_CLS"
"GENERIC_PROD VOL_SFM_SASMETA","UMR_CLS"
"GENERIC_PROD VOL_SFM_SASSHARE","UMR_CLS"
"GENERIC_PROD VOL_SFM_SFDPRD","UMR_CLS"
"GENERIC_PROD VOL_SMSEKSTRE_PROD","UMR_CLS"
"GENERIC_PROD VOL_SOLARIS_SANAL","UMR_CLS"
"GENERIC_PROD VOL_TELECOM_PROD_SESTEK","UMR_CLS"
"GENERIC_PROD VOL_TNGPRDAPP","UMR_CLS"
"GENERIC_TEST CIFS_AUDIT","UMR_CLS"
"GENERIC_TEST GENERIC_TEST_ROOT","UMR_CLS"
"GENERIC_TEST CB_TEST_PRINTING","UMR_CLS"
"GENERIC_TEST CB_TEST_PRINTING1","UMR_CLS"
"GENERIC_TEST CB_TEST_PRINTING_CLONE_EFFCASE","UMR_CLS"
"GENERIC_TEST CB_TEST_PRINTING_EFFCASE_DEST","UMR_CLS"
"GENERIC_TEST CB_TEST_SESSION","UMR_CLS"
"GENERIC_TEST CBDEV_SESSION","UMR_CLS"
"GENERIC_TEST EURDEV_SHARED_EFFCASE_DEST","UMR_CLS"
"GENERIC_TEST MIDTSTAPP0102_TEST","UMR_CLS"
"GENERIC_TEST MIDTSTAPP01_TEST","UMR_CLS"
"GENERIC_TEST PTGRTSTDB","UMR_CLS"
"GENERIC_TEST REVERSESYNC","UMR_CLS"
"GENERIC_TEST REVERSESYNC_TEST","UMR_CLS"
"GENERIC_TEST VOL_ALOTSTCON","UMR_CLS"
"GENERIC_TEST VOL_ARTTSTAPP_SHARED","UMR_CLS"
"GENERIC_TEST VOL_BAREMETAL_TEST","UMR_CLS"
"GENERIC_TEST VOL_CBDEVMFT","UMR_CLS"
"GENERIC_TEST VOL_CBOTTSTAUDITLOG","UMR_CLS"
"GENERIC_TEST VOL_CBTSTESB0102","UMR_CLS"
"GENERIC_TEST VOL_CBTSTFTM_ENTFTM","UMR_CLS"
"GENERIC_TEST VOL_CBTSTFTM_ENTFTM_ARCHIVE","UMR_CLS"
"GENERIC_TEST VOL_CBTSTGEN","UMR_CLS"
"GENERIC_TEST VOL_CBTSTSCH","UMR_CLS"
"GENERIC_TEST VOL_CHATBOT_TEST","UMR_CLS"
"GENERIC_TEST VOL_CIGNA_FLEX","UMR_CLS"
"GENERIC_TEST VOL_CNFTSTAPP10","UMR_CLS"
"GENERIC_TEST VOL_CORE_TEST_ARCHIVE","UMR_CLS"
"GENERIC_TEST VOL_CTMTSTAPP","UMR_CLS"
"GENERIC_TEST VOL_DATSTAPP","UMR_CLS"
"GENERIC_TEST VOL_DATSTFLK","UMR_CLS"
"GENERIC_TEST VOL_DATSTFLK010203","UMR_CLS"
"GENERIC_TEST VOL_DGWTSTAPP","UMR_CLS"
"GENERIC_TEST VOL_DRUPAL","UMR_CLS"
"GENERIC_TEST VOL_EARSIV_TEST","UMR_CLS"
"GENERIC_TEST VOL_EBSTSTWS0102","UMR_CLS"
"GENERIC_TEST VOL_ECMTSTDEV","UMR_CLS"
"GENERIC_TEST VOL_EDEFTER_TEST","UMR_CLS"
"GENERIC_TEST VOL_EDEFTER_TEST_ARCHIVE","UMR_CLS"
"GENERIC_TEST VOL_EFATURA_TEST","UMR_CLS"
"GENERIC_TEST VOL_EFATURA_TEST_ARCHIVE","UMR_CLS"
"GENERIC_TEST VOL_EURDEV_OUTPUT","UMR_CLS"
"GENERIC_TEST VOL_EURDEV_SHARED","UMR_CLS"
"GENERIC_TEST VOL_EURDEV_SHARED_CLONE_EFFCASE","UMR_CLS"
"GENERIC_TEST VOL_FB_KEP_TEST","UMR_CLS"
"GENERIC_TEST VOL_FBDEFTER_TEST_ARCHIVE_TR","UMR_CLS"
"GENERIC_TEST VOL_FBDEFTER_TEST_TR","UMR_CLS"
"GENERIC_TEST VOL_FEEDFTSTAPP","UMR_CLS"
"GENERIC_TEST VOL_FEJIRATST","UMR_CLS"
"GENERIC_TEST VOL_FEJIRATST_CLONE_EFFCASE","UMR_CLS"
"GENERIC_TEST VOL_FEJIRATST_CLONE_EFFCASE_DEST","UMR_CLS"
"GENERIC_TEST VOL_FEMIPTSTAPP","UMR_CLS"
"GENERIC_TEST VOL_FLETSTAPP","UMR_CLS"
"GENERIC_TEST VOL_FRAUD_SASDEPOT","UMR_CLS"
"GENERIC_TEST VOL_FRAUD_SASDEPOT_DEV","UMR_CLS"
"GENERIC_TEST VOL_FRAUD_SASHARE_DEV","UMR_CLS"
"GENERIC_TEST VOL_FRAUD_SASMETA","UMR_CLS"
"GENERIC_TEST VOL_FRAUD_SASMETA_DEV","UMR_CLS"
"GENERIC_TEST VOL_FRAUD_SASSHARE","UMR_CLS"
"GENERIC_TEST VOL_FSTTSTAPP","UMR_CLS"
"GENERIC_TEST VOL_HMNPREAPP_EMERGENCY","UMR_CLS"
"GENERIC_TEST VOL_HMNTSTAPP_EMERGENCY","UMR_CLS"
"GENERIC_TEST VOL_IFMTSTPWC0102","UMR_CLS"
"GENERIC_TEST VOL_INSIGHTS_TEST","UMR_CLS"
"GENERIC_TEST VOL_JRATSTAPP1011","UMR_CLS"
"GENERIC_TEST VOL_KBTSTGEN01_RWM","UMR_CLS"
"GENERIC_TEST VOL_KFTTSTAPP","UMR_CLS"
"GENERIC_TEST VOL_KRYTSTWEB0102","UMR_CLS"
"GENERIC_TEST VOL_MCTSTAPP","UMR_CLS"
"GENERIC_TEST VOL_METADEFENDER_TEST","UMR_CLS"
"GENERIC_TEST VOL_OCPTSTGEN01_REGISTRY","UMR_CLS"
"GENERIC_TEST VOL_OCPTSTGEN01_RWM","UMR_CLS"
"GENERIC_TEST VOL_OCPTSTGEN10_REGISTRY","UMR_CLS"
"GENERIC_TEST VOL_OCPTSTGEN10_RWM","UMR_CLS"
"GENERIC_TEST VOL_OCPTSTINF01_REGISTRY","UMR_CLS"
"GENERIC_TEST VOL_OCPTSTINF01_RWM","UMR_CLS"
"GENERIC_TEST VOL_PARAGON_TEST","UMR_CLS"
"GENERIC_TEST VOL_PEGA_DEV","UMR_CLS"
"GENERIC_TEST VOL_PEGA_TEST","UMR_CLS"
"GENERIC_TEST VOL_PROMETIAALM_TEST","UMR_CLS"
"GENERIC_TEST VOL_QJRTSTAPP0102","UMR_CLS"
"GENERIC_TEST VOL_SDTSTPGS02","UMR_CLS"
"GENERIC_TEST VOL_SDTSTPTR02","UMR_CLS"
"GENERIC_TEST VOL_SFDTSTMQ0102","UMR_CLS"
"GENERIC_TEST VOL_SFDTSTORC","UMR_CLS"
"GENERIC_TEST VOL_SMSEKSTRE_TEST","UMR_CLS"
"GENERIC_TEST VOL_SMSEKSTRE_TEST_TR","UMR_CLS"
"HEMENAL_PROD HEMENAL_PROD_ROOT","UMR_CLS"
"HEMENAL_PROD VOL_HMNPRDAPP_TR","UMR_CLS"
"HEMENAL_PROD_EMGR HEMENAL_PROD_EMGR_ROOT","UMR_CLS"
"HEMENAL_PROD_EMGR VOL_HMNPRDAPP_EMERGENCY","UMR_CLS"
"HEMENAL_TEST HEMENAL_TEST_ROOT","UMR_CLS"
"HEMENAL_TEST VOL_HMNPREAPP","UMR_CLS"
"HEMENAL_TEST VOL_HMNTSTAPP","UMR_CLS"
"IBMTSM  IBMTSM_ROOT","UMR_CLS"
"INFRA_PREPROD INFRA_PREPROD_ROOT","UMR_CLS"
"INFRA_PREPROD INFRA_PREPROD","UMR_CLS"
"INFRA_PREPROD VOL_APP_FILES_PREPROD","UMR_CLS"
"INFRA_PREPROD VOL_INETPUB_PREPROD","UMR_CLS"
"INFRA_TEST INFRA_TEST_ROOT","UMR_CLS"
"INFRA_TEST INFRA_TEST","UMR_CLS"
"INFRA_TEST VOL_ADCCAMPAIGNIMAGESTEST","UMR_CLS"
"INFRA_TEST VOL_APP_FILES_DEV","UMR_CLS"
"INFRA_TEST VOL_APP_FILES_TEST","UMR_CLS"
"INFRA_TEST VOL_INETPUB_DEV","UMR_CLS"
"INFRA_TEST VOL_INETPUB_TEST","UMR_CLS"
"INFRA_TEST VOL_HYPVPRDCLN","UMR_CLS"
"KOS_PROD KOS_PROD_ROOT","UMR_CLS"
"KOS_PROD VOL_KOS_LOG","UMR_CLS"
"OCP_DMZ OCP_DMZ_ROOT","UMR_CLS"
"OCP_DMZ VOL_OCPPRDDMZ01_REGISTRY","UMR_CLS"
"OCP_DMZ VOL_OCPPRDDMZ01_RWM","UMR_CLS"
"OCP_DMZ VOL_OCPPRDDMZ10_REGISTRY","UMR_CLS"
"OCP_DMZ VOL_OCPPRDDMZ10_RWM","UMR_CLS"
"OCP_DMZ VOL_OCPPRDDMZ11_REGISTRY","UMR_CLS"
"OCP_DMZ VOL_OCPPRDDMZ11_RWM","UMR_CLS"
"OCP_DMZ VOL_OCPTSTDMZ01_REGISTRY","UMR_CLS"
"OCP_DMZ VOL_OCPTSTDMZ01_RWM","UMR_CLS"
"OUTNASFS01 OUTNASFS01_ROOT","UMR_CLS"
"OUTNASFS01 VOL_AUDIT_OUTNAS","UMR_CLS"
"POC     POC_ROOT","UMR_CLS"
"PRE-PROD PREPROD_ROOT","UMR_CLS"
"PRE-PROD VOL_CBPREAPP","UMR_CLS"
"PRE-PROD VOL_CBPREAPP_TEST","UMR_CLS"
"PRE-PROD VOL_CBPREESB","UMR_CLS"
"PRE-PROD VOL_CBPREGEN","UMR_CLS"
"PRE-PROD VOL_CBPREOUT","UMR_CLS"
"PRE-PROD VOL_CHATBOT_PREPROD","UMR_CLS"
"PRE-PROD VOL_FFPREAPP","UMR_CLS"
"PRE-PROD VOL_FFPRECDVAPP","UMR_CLS"
"PRE-PROD VOL_KFTPREAP","UMR_CLS"
"PRE-PROD VOL_MAEPREAPP","UMR_CLS"
"PRE-PROD VOL_TNGPREAPP","UMR_CLS"
"PSTNASARC01 ENPARACOMCOZUMMERKEZI","UMR_CLS"
"PSTNASARC01 ENPARAGUVENLIK","UMR_CLS"
"PSTNASARC01 HIZMETMERKEZI","UMR_CLS"
"PSTNASARC01 HIZMETMERKEZIARSIV2","UMR_CLS"
"PSTNASARC01 HUKUKTAKIP","UMR_CLS"
"PSTNASARC01 IBTOPERASYON","UMR_CLS"
"PSTNASARC01 ICKONTROLMERKEZI","UMR_CLS"
"PSTNASARC01 PSTPRDARC_ROOT","UMR_CLS"
"PSTNASARC01 PST_ARCHIVE","UMR_CLS"
"PSTNASARC01 PROVIZYON","UMR_CLS"
"PSTNASARC01 SANALPOS","UMR_CLS"
"PSTNASARC01 VOL_AUDIT_PSTNAS","UMR_CLS"
"RHEV    RHEV_ROOT","UMR_CLS"
"SAN     SAN_ROOT","UMR_CLS"
"SRPRDAPP01 SRPRDAPP01_ROOT","UMR_CLS"
"SRPRDAPP01 VOL_SRPRDAPP01","UMR_CLS"
"SNAPLOCK SNAPLOCK_ROOT","UMR_CLS"
"TELEKOM_TEST TELEKOM_TEST_ROOT","UMR_CLS"
"TELEKOM_TEST VOL_JABBER","UMR_CLS"
"UMR_CLS MDV_AUD_1D7499DBC5164FBFA33806BDDB264174","UMR_CLS"
"UMR_CLS MDV_AUD_1E5A4C0C27444D2D810639F735D892F8","UMR_CLS"
"UMR_CLS MDV_AUD_2B0AAEBBD87C4EB7AA52E67668EDADB5","UMR_CLS"
"UMR_CLS MDV_AUD_3EBE60626101499ABE3F982BEC425933","UMR_CLS"
"UMR_CLS MDV_AUD_522B989B92A2463089140268C1B7F25C","UMR_CLS"
"UMR_CLS MDV_AUD_5932DD0FB40044B2A8D053E55D7D6CD6","UMR_CLS"
"UMR_CLS MDV_AUD_637FA7CFF8374CACBAA7939F270206CF","UMR_CLS"
"UMR_CLS MDV_AUD_6DBA3C0CE96144C8B74AC60D2EA8363A","UMR_CLS"
"UMR_CLS MDV_AUD_6DFC528453B34E5AA66265135EA1DE9F","UMR_CLS"
"UMR_CLS MDV_AUD_84C0D7705C4B45CAB00A2AA3209373A9","UMR_CLS"
"UMR_CLS MDV_AUD_ABABFFD1B52B4C88B4B9D074B2570DC5","UMR_CLS"
"UMR_CLS MDV_AUD_DB2BCFD5D93947C794A87CC273CE708D","UMR_CLS"
"UMR_CLS MDV_AUD_DC6DBBFB10664F23A703BE5D7DC196F1","UMR_CLS"
"UMR_CLS MDV_AUD_DFA5ED2ACBA643E7A1266D519E8667B8","UMR_CLS"
"UMR_CLS MDV_AUD_F1850BF3D6BB4267B83B6D774A7ABE70","UMR_CLS"
"UMR_CLS MDV_AUD_F51D8EEDD60F485AAD95164642BFADA8","UMR_CLS"
"VDIPRDNAS01 VDIPRDNAS01_ROOT","UMR_CLS"
"VDIPRDNAS01 UEMPROFILES","UMR_CLS"
"VDIPRDNAS01 UEMSHARE","UMR_CLS"
"WSXFLSPRDNAS01 WSXFLSPRDNAS01_ROOT","UMR_CLS"
"WSXFLSPRDNAS01 VOL_WSXFLSPRDNAS01","UMR_CLS"
"BOTPRDZMAPP BOTPRDZMAPP_60","UMR_CLS"
"BOTPRDZMAPP BOTPRDZMAPP_62","UMR_CLS"
"BOTPRDZMAPP BOTPRDZMAPP_64","UMR_CLS"
"BOTPRDZMAPP BOTPRDZMAPP_65","UMR_CLS"
"BOTPRDZMAPP BOTPRDZMAPP_66","UMR_CLS"
"BOTPRDZMAPP BOTPRDZMAPP_67","UMR_CLS"
"BOTPRDZMAPP BOTPRDZMAPP_ROOT","UMR_CLS"
"BOTPRDZMAPP NASPRDCIGNA","UMR_CLS"
"BOTPRDZMAPP NASPRDVIDEO","UMR_CLS"
"BOTPRDZMAPP NASPRDVIDEO2","UMR_CLS"
"BOTPRDZMAPP NASPRDVIDEO3","UMR_CLS"
"BOTPRDZMAPP NASTSTVIDEO","UMR_CLS"
"BOTPRDZMAPP NASTSTVIDEO_DEST170321","UMR_CLS"
"BOTPRDZMAPP VOL_NASPRDVIDEOFB","UMR_CLS"
"BOTPRDZMAPP VOL_NASPRDVIDEOFB2","UMR_CLS"
"BOTPRDZMAPP VOL_PRDJABBER","UMR_CLS"
"FSNASEN01 AV_DENEME","UMR_CLS"
"FSNASEN01 FSNASEN01_ROOT","UMR_CLS"
"FSNASEN01 VOL_ENPARA","UMR_CLS"
"FSNASEN01 VOL_ENPARAOUTPUT","UMR_CLS"
"FSNASEN01 VOL_ENPARAOUTPUT_CLONE_124","UMR_CLS"
"FSNASEN01 VOL_ENPARAOUTPUT_CLONE_15092024","UMR_CLS"
"FSNASEN01 VOL_ENPARAOUTPUT_CLONE_260924","UMR_CLS"
"FSNASEN01 VOL_AUDIT","UMR_CLS"
"FSNASEN01 VOL_PCGECIS","UMR_CLS"
"FSNASINFSRC01 FSNASINFSRC01_ROOT","UMR_CLS"
"FSNASINFSRC01 SOURCE_DRIVE","UMR_CLS"
"FSNASINFSRC01 VOL_AUDIT_FSNASINFSRC01","UMR_CLS"
"FSNASOUT01 FSNASOUT01_ROOT","UMR_CLS"
"FSNASOUT01 VOL_OUTPUT","UMR_CLS"
"FSNASOUT01 VOL_OUTPUT_ARSIV","UMR_CLS"
"FSNASOUT01 VOL_AUDIT_FSNASOUT01","UMR_CLS"
"FSNASOUT01 VOL_SPLUNK_TEST","UMR_CLS"
"FSNASUOM01 FSNASUOM01_ROOT","UMR_CLS"
"FSNASUOM01 VOL_EBEYANNEME","UMR_CLS"
"FSNASUOM01 VOL_FS1","UMR_CLS"
"FSNASUOM01 VOL_GENELFS","UMR_CLS"
"FSNASUOM01 VOL_KAMERAKAYIT","UMR_CLS"
"FSNASUOM01 VOL_SESKAYIT","UMR_CLS"
"FSNASUOM01 VOL_AUDIT_FSNASUOM01","UMR_CLS"
"FSNASUOM01 VOL_AUDIT_FSNASUOM01_2","UMR_CLS"
"FSNASUOM01 VOL_SUBE","UMR_CLS"
"FSNASUOM02 FSNASUOM02_ROOT","UMR_CLS"
"FSNASUOM02 VOL_FS2","UMR_CLS"
"FSNASUOM02 VOL_AUDIT_FSNASUOM02","UMR_CLS"
"FSNASUOM03 FSNASUOM03_ROOT","UMR_CLS"
"FSNASUOM03 VOL_FS3","UMR_CLS"
"FSNASUOM03 VOL_AUDIT_FSNASUOM03","UMR_CLS"
"FSNASUOM03 VOL_DSKSOURCEDRIVE","UMR_CLS"
"FSNASUOM04 FSNASUOM04_ROOT","UMR_CLS"
"FSNASUOM04 VOL_FS4","UMR_CLS"
"FSNASUOM04 VOL_AUDIT_FSNASUOM04","UMR_CLS"
"KEP_PROD KEP_PROD_ROOT","UMR_CLS"
"NASPRDCNICE NASPRDCNICE","UMR_CLS"
"NASPRDCNICE NASPRDCNICE_ROOT","UMR_CLS"
"NASPRDNICE NASPRDNICE","UMR_CLS"
"NASPRDNICE NASPRDNICE_ROOT","UMR_CLS"
"NASPRDOSK CCPRDCS","UMR_CLS"
"NASPRDOSK EFAXPRDAPP","UMR_CLS"
"NASPRDOSK NASDRCCSPA_DEST","UMR_CLS"
"NASPRDOSK NASDRCSPA","UMR_CLS"
"NASPRDOSK NASDRCSPA4","UMR_CLS"
"NASPRDOSK NASPRDCSPA","UMR_CLS"
"NASPRDOSK NASPRDNTR","UMR_CLS"
"NASPRDOSK NASPRDOSK","UMR_CLS"
"NASPRDOSK NASPRDOSK2","UMR_CLS"
"NASPRDOSK NASPRDOSK_ROOT","UMR_CLS"
"NASPRDOSK NASPRDSPA","UMR_CLS"
"NASPRDOSK NASPRDSPA2","UMR_CLS"
"NASPRDOSK NASPRDSPA3","UMR_CLS"
"NASPRDOSK NASPRDSPA4","UMR_CLS"
"NASPRDOSK NASPRDSPA5","UMR_CLS"
"NASPRDOSK VOL_AGENTVIDEO","UMR_CLS"
"NASPRDOSK VOL_AGENTVIDEO_DEST","UMR_CLS"
"NASPRDOSK VOL_AUDIT","UMR_CLS"
"NASPRDOSK VOL_VOL_CHATBOT_PROD","UMR_CLS"
"NFSV4_TEST NFSV4_TEST_ROOT","UMR_CLS"
"NFSV4_TEST NFSV4TEST","UMR_CLS"
"NFSV4_TEST VOL_SFDPRDMQ01","UMR_CLS"
"NFSV4_TEST VOL_SFDTSTMQ01","UMR_CLS"
"TEST_STORAGE TEST_STORAGE_ROOT","UMR_CLS"
"TESTTT  TESTTT_ROOT","UMR_CLS"
"TESTTT  VOL_09032020_104959_53","UMR_CLS"
"TESTTT  VOL_09032020_105016_42_22222","UMR_CLS"
"TESTTT  VOL_09032020_105016_42_22222_CLONE_547","UMR_CLS"
"TESTTT  VOL_TRENDMICROTEST","UMR_CLS"
"HG_CBDRCRAC","PMAX-651"
"HG_CBDRCRAC85-86","PMAX-651"
"HG_FBDRCESX_GK","PMAX-651"
"HG_GENDRCRAC","PMAX-651"
"HG_ODDRCRAC","PMAX-651"
"ATMDRCDB01","PMAX-651"
"ATMDRCDB03","PMAX-651"
"BTDRCLX11","PMAX-651"
"CBDRCRAC01","PMAX-651"
"CBDRCRAC02","PMAX-651"
"CBDRCRAC85","PMAX-651"
"CBDRCRAC86","PMAX-651"
"DBTDRCDB02","PMAX-651"
"DBTDRCDB03","PMAX-651"
"FBDRCESX12","PMAX-651"
"FBDRCESX13","PMAX-651"
"FBDRCESX14","PMAX-651"
"FBDRCESX15","PMAX-651"
"FBDRCESX54","PMAX-651"
"FRDRCDB01","PMAX-651"
"FRDRCDB02","PMAX-651"
"FRDRCDB03","PMAX-651"
"GENDRCRAC01","PMAX-651"
"GENDRCRAC02","PMAX-651"
"HSTDRCDB02","PMAX-651"
"KKDRCDB02","PMAX-651"
"KKDRCDB03","PMAX-651"
"KMPDRCDB02","PMAX-651"
"MBDRCCLN05","PMAX-651"
"ODDRCRAC01","PMAX-651"
"ODDRCRAC02","PMAX-651"
"SWCDRCDB01","PMAX-651"
"SWCDRCDB02","PMAX-651"
"SWCDRCDB03","PMAX-651"
"NBUDRCMST01","PMAX-651"
"HG_CBDRCRAC","PMAX-653"
"HG_FBDRCESX_GK","PMAX-653"
"HG_GENDRCRAC","PMAX-653"
"HG_ODDRCRAC","PMAX-653"
"BTDRCLX11","PMAX-653"
"CBDRCRAC01","PMAX-653"
"CBDRCRAC02","PMAX-653"
"FBDRCESX12","PMAX-653"
"FBDRCESX13","PMAX-653"
"FBDRCESX14","PMAX-653"
"FBDRCESX15","PMAX-653"
"GENDRCRAC01","PMAX-653"
"GENDRCRAC02","PMAX-653"
"KKDRCDB02","PMAX-653"
"KKDRCDB03","PMAX-653"
"KMPDRCDB02","PMAX-653"
"ODDRCRAC01","PMAX-653"
"ODDRCRAC02","PMAX-653"
"PSDRCESX19","PMAX-653"
"HG_CBDRCRAC","PMAX-232"
"HG_FBPRDESX_GK","PMAX-232"
"HG_GENDRCRAC","PMAX-232"
"BTDRCLX11","PMAX-232"
"CBDRCRAC01","PMAX-232"
"CBDRCRAC02","PMAX-232"
"CBDRCRES01","PMAX-232"
"CSDRCANS01","PMAX-232"
"FBDRCESX12","PMAX-232"
"FBDRCESX13","PMAX-232"
"FBDRCESX14","PMAX-232"
"FBDRCESX15","PMAX-232"
"GENDRCRAC01","PMAX-232"
"GENDRCRAC02","PMAX-232"
"KKDRCDB02","PMAX-232"
"KKDRCDB03","PMAX-232"
"YTSDRCRES01","PMAX-232"
"SDASDCSDC","PMAX-232"
"CBPRDRAC01_IG1","PMAX-649"
"CBPRDRAC02_IG1","PMAX-649"
"CBPRDRAC03_IG1","PMAX-649"
"CBPRDRAC04_IG1","PMAX-649"
"CBPRDRAC_HG1","PMAX-649"
"CBPRDRAC_HG2","PMAX-649"
"CG_IDMTSTRAC0102","PMAX-649"
"CG_PSPRDESX","PMAX-649"
"CIG_CBTSTRAC","PMAX-649"
"CIG_CHPRDDB","PMAX-649"
"CIG_CTMPRDDB0102","PMAX-649"
"CIG_EARPRDCLN0102","PMAX-649"
"CIG_EBSPRDDB2122","PMAX-649"
"CIG_ENXGENTSTRAC","PMAX-649"
"CIG_ENXPRDESX","PMAX-649"
"CIG_ENXPRDLX_UNIX","PMAX-649"
"CIG_ENXPSPRDESX","PMAX-649"
"CIG_GENPRDRAC","PMAX-649"
"CIG_GENTSTRAC","PMAX-649"
"CIG_IFMTSTESX","PMAX-649"
"CIG_KFTTSTRAC0102","PMAX-649"
"CIG_LSXPRDRAC0102","PMAX-649"
"CIG_SWPRDARC","PMAX-649"
"CIG_SWPRDMQ0405","PMAX-649"
"CIG_TNGTSTRAC0102","PMAX-649"
"FBPRDESX_GK","PMAX-649"
"HG_GENPRDRAC8586","PMAX-649"
"HG_HMNPRDDB0304","PMAX-649"
"APDPRDMGT02","PMAX-649"
"ATMPRDDB02","PMAX-649"
"ATMPRDDB04","PMAX-649"
"ATMPRDDB04_NEW","PMAX-649"
"ATMPRDHST01","PMAX-649"
"BSPRDLOG01","PMAX-649"
"CBPRDDB06","PMAX-649"
"CBPRDDB07","PMAX-649"
"CBPRDRAC01_IG2","PMAX-649"
"CBPRDRAC02_IG2","PMAX-649"
"CBPRDRAC03_IG2","PMAX-649"
"CBPRDRAC04_IG2","PMAX-649"
"CBTSTRAC01","PMAX-649"
"CBTSTRAC02","PMAX-649"
"CBTSTRAC02_P10","PMAX-649"
"CBTSTRAC02SANAL","PMAX-649"
"CBTSTRAC03","PMAX-649"
"CBTSTRAC04","PMAX-649"
"CCPRDCLN11","PMAX-649"
"CESPRDAPP03","PMAX-649"
"CHPRDDB02","PMAX-649"
"CHPRDDB03","PMAX-649"
"CLWPRDGENPU1003","PMAX-649"
"CNTPRDCLN04","PMAX-649"
"CTMPRDDB01","PMAX-649"
"CTMPRDDB02","PMAX-649"
"EARPRDCLN01","PMAX-649"
"EARPRDCLN02","PMAX-649"
"EBSPRDDB21","PMAX-649"
"EBSPRDDB22","PMAX-649"
"EBSPRDRES01","PMAX-649"
"ELKPRDDAT06","PMAX-649"
"ENXCBTSTRAC03","PMAX-649"
"ENXCBTSTRAC04","PMAX-649"
"ENXGENTSTRAC01","PMAX-649"
"ENXGENTSTRAC02","PMAX-649"
"ENXPRDESX01","PMAX-649"
"ENXPRDESX02","PMAX-649"
"ENXPRDESX03","PMAX-649"
"ENXPRDESX04","PMAX-649"
"ENXPRDESX05","PMAX-649"
"ENXPRDESX06","PMAX-649"
"ENXPRDLX01","PMAX-649"
"ENXPRDLX02","PMAX-649"
"ENXPSPRDESX01","PMAX-649"
"ENXPSPRDESX02","PMAX-649"
"ENXPSPRDESX03","PMAX-649"
"FLETSTDB01","PMAX-649"
"FRAPRDCLN03","PMAX-649"
"GENPRDRAC01","PMAX-649"
"GENPRDRAC02","PMAX-649"
"GENPRDRAC02_NPIV_MIGRATION","PMAX-649"
"GENPRDRAC02_P10","PMAX-649"
"GENPRDRAC85","PMAX-649"
"GENPRDRAC86","PMAX-649"
"GENTSTRAC01","PMAX-649"
"GENTSTRAC02","PMAX-649"
"HMNPRDAPP03","PMAX-649"
"HMNPRDAPP04","PMAX-649"
"HMNPRDDB03","PMAX-649"
"HMNPRDDB04","PMAX-649"
"HUAWEI_005","PMAX-649"
"IDMTSTRAC01","PMAX-649"
"IDMTSTRAC02","PMAX-649"
"IFMTSTESX01","PMAX-649"
"IFMTSTESX02","PMAX-649"
"KFTTSTRAC01","PMAX-649"
"KFTTSTRAC02","PMAX-649"
"KKEDUDB01","PMAX-649"
"LSXPRDRAC01","PMAX-649"
"LSXPRDRAC02","PMAX-649"
"MAEPRDAPP01","PMAX-649"
"MAEPREAPP01","PMAX-649"
"MB_VMAX318_PG_OTHER_2","PMAX-649"
"MBEPRDCLN02","PMAX-649"
"MBEPRDCLN04_32_GECIS","PMAX-649"
"MBPRDCLN04","PMAX-649"
"MBPRDCLN06","PMAX-649"
"MSGSPRDCAS01","PMAX-649"
"MSGSPRDCAS02","PMAX-649"
"MSGSPRDCAS04","PMAX-649"
"MSGSPRDCAS05","PMAX-649"
"MSGSPRDCAS06","PMAX-649"
"MSGSPRDCAS07","PMAX-649"
"MSGSPRDCAS11","PMAX-649"
"MSGSPRDEXC01","PMAX-649"
"MSGSPRDEXC02","PMAX-649"
"MSGSPRDEXC03","PMAX-649"
"MSGSPRDEXC04","PMAX-649"
"MSGSPRDEXC05","PMAX-649"
"MSGSPRDEXC06","PMAX-649"
"MSGSPRDEXC07","PMAX-649"
"MSGSPRDEXC08","PMAX-649"
"MSGSPRDEXC09","PMAX-649"
"NBUPRDMST02","PMAX-649"
"OCMPRDAPP01","PMAX-649"
"PGMPRDSIMDB01","PMAX-649"
"PSPRDESX07","PMAX-649"
"PSPRDESX08","PMAX-649"
"PSPRDESX09","PMAX-649"
"PSPRDESX20","PMAX-649"
"PSPRDESX21","PMAX-649"
"PSPRDESX22","PMAX-649"
"SCEPRDDB05","PMAX-649"
"SHRIMP","PMAX-649"
"STOPRDAPP01","PMAX-649"
"STOPRDAPP02_GK","PMAX-649"
"STOPRDAPP03_GK","PMAX-649"
"STOPRDAPP06","PMAX-649"
"STOTSTAPP01","PMAX-649"
"STOTSTAPP02","PMAX-649"
"STOTSTGEN01","PMAX-649"
"STOTSTGEN02","PMAX-649"
"SWPRDARC02","PMAX-649"
"SWPRDARC03","PMAX-649"
"SWPRDMQ04","PMAX-649"
"SWPRDMQ05","PMAX-649"
"TNGTSTRAC01","PMAX-649"
"TNGTSTRAC02","PMAX-649"
"VIOTSTGEN02","PMAX-649"
"VIOTSTGEN03","PMAX-649"
"VMAX318_PG_OTHER_1","PMAX-649"
"YTSPRDDB01","PMAX-649"
"YTSPRDDB02","PMAX-649"
"YTSTSTDB01","PMAX-649"
"TEST_SIL","PMAX-649"
"CBPRDRAC01_IG1","PMAX-231"
"CBPRDRAC01_IG2","PMAX-231"
"CBPRDRAC02_IG1","PMAX-231"
"CBPRDRAC02_IG2","PMAX-231"
"CBPRDRAC03_IG1","PMAX-231"
"CBPRDRAC03_IG2","PMAX-231"
"CBPRDRAC04_IG1","PMAX-231"
"CBPRDRAC04_IG2","PMAX-231"
"CBPRDRAC_HG1","PMAX-231"
"CBPRDRAC_HG2","PMAX-231"
"CIG_CBSIMRAC","PMAX-231"
"HG_CBTSTRAC","PMAX-231"
"HG_FBPRDESX_GK","PMAX-231"
"HG_GENPRDRAC","PMAX-231"
"HG_GENPRDRAC8586","PMAX-231"
"CBSIMRAC01","PMAX-231"
"CBSIMRAC02","PMAX-231"
"CBSIMRAC03","PMAX-231"
"CBSIMRAC04","PMAX-231"
"CBTSTRAC01","PMAX-231"
"CBTSTRAC02","PMAX-231"
"CBTSTRAC03","PMAX-231"
"CBTSTRAC04","PMAX-231"
"FBPRDESX40","PMAX-231"
"FBPRDESX43","PMAX-231"
"FBPRDESX51","PMAX-231"
"FBPRDESX52","PMAX-231"
"FBPRDESX53","PMAX-231"
"FBPRDESX85","PMAX-231"
"FBPRDESX86","PMAX-231"
"FBPRDESX87","PMAX-231"
"FBPRDESX88","PMAX-231"
"FBPRDESX89","PMAX-231"
"GENPRDRAC01","PMAX-231"
"GENPRDRAC02","PMAX-231"
"GENPRDRAC85","PMAX-231"
"GENPRDRAC86","PMAX-231"
"STOPRDAPP06","PMAX-231"
"STOTSTGEN01","PMAX-231"
"STOTSTGEN02","PMAX-231"
"CBPRDRAC01_IG1","PMAX-230"
"CBPRDRAC01_IG2","PMAX-230"
"CBPRDRAC02_IG1","PMAX-230"
"CBPRDRAC02_IG2","PMAX-230"
"CBPRDRAC03_IG1","PMAX-230"
"CBPRDRAC03_IG2","PMAX-230"
"CBPRDRAC04_IG1","PMAX-230"
"CBPRDRAC04_IG2","PMAX-230"
"CBPRDRAC_HG1","PMAX-230"
"CBPRDRAC_HG2","PMAX-230"
"CIG_CBSIMRAC","PMAX-230"
"HG_CBTSTRAC","PMAX-230"
"HG_FBPRDESX_GK","PMAX-230"
"HG_GENPRDRAC","PMAX-230"
"HG_GENPRDRAC8586","PMAX-230"
"CBSIMRAC01","PMAX-230"
"CBSIMRAC02","PMAX-230"
"CBSIMRAC03","PMAX-230"
"CBSIMRAC04","PMAX-230"
"CBTSTRAC01","PMAX-230"
"CBTSTRAC02","PMAX-230"
"CBTSTRAC03","PMAX-230"
"CBTSTRAC04","PMAX-230"
"FBPRDESX40","PMAX-230"
"FBPRDESX43","PMAX-230"
"FBPRDESX51","PMAX-230"
"FBPRDESX52","PMAX-230"
"FBPRDESX53","PMAX-230"
"FBPRDESX85","PMAX-230"
"FBPRDESX86","PMAX-230"
"FBPRDESX87","PMAX-230"
"FBPRDESX88","PMAX-230"
"FBPRDESX89","PMAX-230"
"GENPRDRAC01","PMAX-230"
"GENPRDRAC02","PMAX-230"
"GENPRDRAC85","PMAX-230"
"GENPRDRAC86","PMAX-230"
"STOPRDAPP06_GK","PMAX-230"
"STOTSTGEN01","PMAX-230"
"STOTSTGEN02","PMAX-230"
"CBPRDRAC01_IG2","PMAX-507"
"CBPRDRAC02_IG2","PMAX-507"
"CBPRDRAC03_IG2","PMAX-507"
"CBPRDRAC04_IG2","PMAX-507"
"CBPRDRAC_HG2","PMAX-507"
"CIG_CBPRDRAC8586","PMAX-507"
"CIG_CBSIMRAC","PMAX-507"
"CIG_CBTSTRAC8586","PMAX-507"
"CIG_CLDPRDLX","PMAX-507"
"CIG_CTMPRDDB0102","PMAX-507"
"CIG_EBSPRDDMZ","PMAX-507"
"CIG_ECMTSTRAC","PMAX-507"
"CIG_ENXCBTSTRAC","PMAX-507"
"CIG_ENXGENTSTRAC","PMAX-507"
"CIG_IFMTSTESX","PMAX-507"
"CIG_KFTTSTRAC0102","PMAX-507"
"CIG_ODPRDRAC","PMAX-507"
"CIG_TNGTSTSRAC0102","PMAX-507"
"HG_CBTSTRAC","PMAX-507"
"HG_FBPRDVM_SQL","PMAX-507"
"HG_FSPRDCLN","PMAX-507"
"HG_GENPRDRAC","PMAX-507"
"HG_PSTSTESX_KOS","PMAX-507"
"649_OPEN","PMAX-507"
"ALMPRDDB02","PMAX-507"
"BTPRDLX18","PMAX-507"
"BTPRDLX21","PMAX-507"
"CBEDUDB01","PMAX-507"
"CBPRDDB06","PMAX-507"
"CBPRDDB06_NPIV","PMAX-507"
"CBPRDDB07","PMAX-507"
"CBPRDESI02","PMAX-507"
"CBPRDFTM","PMAX-507"
"CBPRDRAC85","PMAX-507"
"CBPRDRAC86","PMAX-507"
"CBPREDB01","PMAX-507"
"CBSIMRAC01","PMAX-507"
"CBSIMRAC02","PMAX-507"
"CBSIMRAC03","PMAX-507"
"CBSIMRAC04","PMAX-507"
"CBTSTDB07_PHY","PMAX-507"
"CBTSTRAC01_P10","PMAX-507"
"CBTSTRAC02_P10","PMAX-507"
"CBTSTRAC02_PHY","PMAX-507"
"CBTSTRAC02SANAL","PMAX-507"
"CBTSTRAC03","PMAX-507"
"CBTSTRAC04","PMAX-507"
"CBTSTRAC85","PMAX-507"
"CBTSTRAC86","PMAX-507"
"CCPRDCLN12","PMAX-507"
"CCPRDCLN16","PMAX-507"
"CESPRDAPP03","PMAX-507"
"CLDPRDLX01","PMAX-507"
"CLDPRDLX02","PMAX-507"
"CNTPRDCLN03","PMAX-507"
"CSTSTENT01","PMAX-507"
"CSTSTENT01NEW","PMAX-507"
"CSTSTENT02","PMAX-507"
"CTMPRDDB01","PMAX-507"
"CTMPRDDB02","PMAX-507"
"EBSPRDDMZ21","PMAX-507"
"EBSPRDDMZ22","PMAX-507"
"ECMTSTRAC03","PMAX-507"
"ECMTSTRAC04","PMAX-507"
"EDPRDGEN04","PMAX-507"
"ELKPRDCOR01","PMAX-507"
"ELKPRDDAT01","PMAX-507"
"ELKPRDDAT03","PMAX-507"
"ELKPRDDAT05","PMAX-507"
"ENXCBTSTRAC01","PMAX-507"
"ENXCBTSTRAC02","PMAX-507"
"ENXCBTSTRAC03","PMAX-507"
"ENXCBTSTRAC04","PMAX-507"
"ENXGENTSTRAC01","PMAX-507"
"ENXGENTSTRAC02","PMAX-507"
"ENXODTSTDB01","PMAX-507"
"FBPRDESX17","PMAX-507"
"FBPRDESX21","PMAX-507"
"FBPRDESX22","PMAX-507"
"FBPRDESX23","PMAX-507"
"FBPRDESX24","PMAX-507"
"FBPRDESX42","PMAX-507"
"FBPRDESX45","PMAX-507"
"FBPRDESX46","PMAX-507"
"FBPRDESX90","PMAX-507"
"FBPRDESX91","PMAX-507"
"FBPRDESX94","PMAX-507"
"FBPRDESX95","PMAX-507"
"FBPRDESX96","PMAX-507"
"FBPRDESX_GK","PMAX-507"
"FBPRDVM77","PMAX-507"
"FBPRDVM78","PMAX-507"
"FBPRDVM79","PMAX-507"
"FBPRDVM80","PMAX-507"
"FBPRDVM81","PMAX-507"
"FBPRDVM85","PMAX-507"
"FBPRDVM88","PMAX-507"
"FRAPRDCLN06","PMAX-507"
"FSPRDCLN03","PMAX-507"
"FSPRDCLN04","PMAX-507"
"FSPRDCLN05","PMAX-507"
"GENPRDRAC01","PMAX-507"
"GENPRDRAC02_NPIV_MIGRATION","PMAX-507"
"GENPRDRAC02_P10","PMAX-507"
"HMNPRDDB05","PMAX-507"
"HUAWEI_005","PMAX-507"
"HUAWEI_007","PMAX-507"
"IFMPRDDB02","PMAX-507"
"IFMTSTESX01","PMAX-507"
"IFMTSTESX02","PMAX-507"
"KFTSTRAC01","PMAX-507"
"KFTSTRAC02","PMAX-507"
"MBEPRDCLN03","PMAX-507"
"MBEPRDCLN03_32_GECIS","PMAX-507"
"MBPRDCLN03","PMAX-507"
"MBPRDCLN04","PMAX-507"
"MSGSPRDCAS01","PMAX-507"
"MSGSPRDCAS02","PMAX-507"
"MSGSPRDCAS04","PMAX-507"
"MSGSPRDCAS05","PMAX-507"
"MSGSPRDCAS06","PMAX-507"
"MSGSPRDCAS07","PMAX-507"
"MSGSPRDCAS11","PMAX-507"
"NBUPRDMST02","PMAX-507"
"OCMPRDAPP02","PMAX-507"
"ODIPRDAPP01","PMAX-507"
"ODPRDRAC01","PMAX-507"
"ODPRDRAC02","PMAX-507"
"ODTSTDB01","PMAX-507"
"PSTSTESX01","PMAX-507"
"PSTSTESX02","PMAX-507"
"PSTSTESX03","PMAX-507"
"PSTSTESX04","PMAX-507"
"PSTSTESX05","PMAX-507"
"PSTSTESX06","PMAX-507"
"PSTSTESX07","PMAX-507"
"PSTSTESX08","PMAX-507"
"PSTSTESX09","PMAX-507"
"PSTSTESX10","PMAX-507"
"PSTSTESX11","PMAX-507"
"PSTSTESX12","PMAX-507"
"PSTSTESX13","PMAX-507"
"RHPRDDBB02","PMAX-507"
"RIPTSTDB01","PMAX-507"
"SHRIMP","PMAX-507"
"SHRIMP_NEW","PMAX-507"
"STOPRDAPP01","PMAX-507"
"STOPRDAPP02","PMAX-507"
"STOPRDAPP03","PMAX-507"
"STOPRDAPP06","PMAX-507"
"STOTSTAPP01","PMAX-507"
"STOTSTAPP02_ICL","PMAX-507"
"SWPRDGW01","PMAX-507"
"TNGTSTRAC01","PMAX-507"
"TNGTSTRAC02","PMAX-507"
"UCMPRDDB02","PMAX-507"
"VIOTSTGEN02_YENI","PMAX-507"
"VIOTSTGEN03","PMAX-507"
"VIOTSTGEN03_FIZIKSEL","PMAX-507"
"YNPRDCLN03","PMAX-507"
"HG_PSPRDESX","PMAX-631"
"HG_PSPRDESX_DB","PMAX-631"
"HG_PSPRDESX_GK","PMAX-631"
"ATMPRDDB02","PMAX-631"
"ATMPRDDB03","PMAX-631"
"BSHSTSRV","PMAX-631"
"BSHSTSRVNEW","PMAX-631"
"BSSWCDB04","PMAX-631"
"BSSWCDB06","PMAX-631"
"DBTPRDDB01","PMAX-631"
"DBTPRDDB02","PMAX-631"
"DBTPRDDB02_1","PMAX-631"
"FRPRDDB01","PMAX-631"
"FRPRDDB03","PMAX-631"
"FRPRDDB04","PMAX-631"
"FRPRDDB05","PMAX-631"
"HSTPRDDB02","PMAX-631"
"KKEDUDB01NEW","PMAX-631"
"KKGNSTST03","PMAX-631"
"KKPRDDB02","PMAX-631"
"KKPRDDB03","PMAX-631"
"KKPRDDB04","PMAX-631"
"KKPRDDB05","PMAX-631"
"KKPRDDB06","PMAX-631"
"KMPPRDDB01","PMAX-631"
"KMPPRDDB02","PMAX-631"
"KMPPRDDB04","PMAX-631"
"KMPPRDDB05","PMAX-631"
"PSPRDESX10","PMAX-631"
"PSPRDESX11","PMAX-631"
"PSPRDESX12","PMAX-631"
"PSPRDESX13","PMAX-631"
"PSPRDESX14","PMAX-631"
"PSPRDESX15","PMAX-631"
"PSPRDESX16","PMAX-631"
"PSPRDESX17","PMAX-631"
"PSPRDESX18","PMAX-631"
"PSPRDESX19","PMAX-631"
"PSPRDESX20","PMAX-631"
"PSPRDESX21","PMAX-631"
"PSPRDESX22","PMAX-631"
"PSPRDESX23","PMAX-631"
"PSPRDESX24","PMAX-631"
"PSPRDESX27","PMAX-631"
"PSPRDESX28","PMAX-631"
"PSPRDESX29","PMAX-631"
"PSPRDESX31","PMAX-631"
"PSPRDESX32","PMAX-631"
"PSPRDESX33","PMAX-631"
"PSTSTESX12","PMAX-631"
"PSTSTESX13","PMAX-631"
"SCHPRDGEN02","PMAX-631"
"SQLUPGDB01","PMAX-631"
"STOPRDAPP01","PMAX-631"
"STOPRDAPP02","PMAX-631"
"STOPRDAPP06","PMAX-631"
"STOTSTAPP01","PMAX-631"
"STOTSTNVME01","PMAX-631"
"UNIPRDDB03","PMAX-631"
"HG_PSPRDESX_GK","PMAX-630"
"BSSWCDB04","PMAX-630"
"BSSWCDB06","PMAX-630"
"DBTPRDDB02","PMAX-630"
"DBTPRDDB02_1","PMAX-630"
"FRPRDDB03","PMAX-630"
"FRPRDDB04","PMAX-630"
"KKGNSTST03","PMAX-630"
"KKPRDDB02","PMAX-630"
"KKPRDDB03","PMAX-630"
"KKPRDDB04","PMAX-630"
"KKPRDDB05","PMAX-630"
"KKPRDDB06","PMAX-630"
"KMPPRDDB01","PMAX-630"
"KMPPRDDB02","PMAX-630"
"KMPPRDDB05","PMAX-630"
"PSPRDESX10","PMAX-630"
"PSPRDESX11","PMAX-630"
"PSPRDESX12","PMAX-630"
"PSPRDESX23","PMAX-630"
"PSPRDESX24","PMAX-630"
"PSPRDESX27","PMAX-630"
"PSPRDESX33","PMAX-630"
"STOPRDAPP01","PMAX-630"
"STOPRDAPP02","PMAX-630"
"STOPRDAPP06","PMAX-630"
"STOTSTAPP01","PMAX-630"
"STOTSTAPP02","PMAX-630"
"STOTSTNVM01","PMAX-630"
"UNIPRDDB03","PMAX-630"
"ALOPRDKFK13","134"
"BTPRDLX","479"
"BTPRDLX13","134"
"BTPRDLX1314_CMD","479"
"BTPRDMGT01","479"
"BTPRDVIO01","115"
"CBDEVESB01","115"
"CBPRDARC01","893"
"CBPRDARC01_114","114"
"CBPRDARC05","479"
"CBPRDARC07","893"
"CBPRDARC07_114","114"
"CBPRDDB05","479"
"CBTSTAPP04","115"
"CBTSTFTM","115"
"CBTSTGEN02","115"
"CFRPRDRAC01","115"
"CFRPRDRAC02","479"
"CHPRDAPP01","479"
"CHTSTDB01","115"
"CLESXPRDGEN02","479"
"CLWPRDGENGPU1001","479"
"CLWPRDGENGPU1002","115"
"CSGENMST01","134"
"CSPRDMGT01","479"
"CSPRDRHV01","115"
"CSPRDRHV03","115"
"CSPRDRHV05","115"
"CSPRDRHV06","115"
"CSTSTENT01","134"
"CSTSTENT02","134"
"CTMDEVDB01","479"
"CTMPRDAPP01","479"
"CTMPRDAPP02","479"
"CTMPRDDMG01","479"
"CTMTSTDB01","479"
"DEMPRDAPP01","479"
"DEMPRDAPP01_NEW","479"
"DMPRDAPP03","115"
"DUMMY_GADHOST","114"
"EBSTSTAPP21","115"
"EBSTSTDB21","115"
"EBSTSTDMZ21","115"
"ECMPRDRAC03","479"
"ECMPRDRAC04","479"
"ECMTSTRAC01","893"
"ECMTSTRAC01_114","114"
"ECMTSTRAC02","893"
"ECMTSTRAC02_114","114"
"ELKPRDDAT02","479"
"ENXCBTSTDB07","134"
"ENXCBTSTRAC01","134"
"ENXCBTSTRAC02","134"
"ENXCBTSTRAC03","134"
"ENXCBTSTRAC04","134"
"ENXCSGENMST01","134"
"ENXECMTSTRAC01","134"
"ENXECMTSTRAC02","134"
"ENXEDTSTDB01","134"
"ENXGENTSTRAC01","134"
"ENXGENTSTRAC02","134"
"ENXHCETSTRAC01","134"
"ENXHCETSTRAC02","134"
"ENXIDMTSTRAC01","134"
"ENXIDMTSTRAC02","134"
"ENXODITSTDB01","134"
"ENXODTSTDB01","134"
"ENXPRDESX0102","134"
"ENXPRDLX01","134"
"ENXPRDLX02","134"
"ENXPSPRDESX","134"
"ENXYTSTSTDB01","134"
"FBPRDESX_CMD","479"
"FBPRDESX84","134"
"FBPRDVM_A_1","115"
"FBPRDVM_A_2","115"
"FBPRDVM_CMD","893"
"FBPRDVM_E_1","115"
"FBPRDVM_E_2","115"
"FBPRDVM_TELECOM","115"
"FBPRDVM44","115"
"FBPRDVM52","115"
"FEHLTPRDDB01","134"
"FEHLTPRDDB02","134"
"FEPRDDB0102","115"
"FEPRDDB03","115"
"FEPRDDB04","115"
"FEPRDVM_UNIX","479"
"FEPRDVM_WIN","479"
"FFPRDDB0304","479"
"FFTSTDB05","479"
"FRAPRDCLN05","479"
"FRAPRDCLN06","134"
"GAD114_QUORUM","115"
"GAD893_QUORUM","115"
"GENPRDRAC01_P10_TEST","134"
"GGTSTDB01","115"
"GRLPRDAPP02","479"
"HCETSTRAC01","115"
"HCETSTRAC02","115"
"HDIDPROVISIONEDHOSTGROUP","479"
"HDIDPROVISIONEDHOSTGROUP_RG1","893"
"HG_ALOPRDKFK10","479"
"HG_BTPRDMGT07","479"
"HG_CBPRDESI02","479"
"HG_CFRPRDRAC01","134"
"HG_CFRPRDRAC02","134"
"HG_COMMAND_DEVICE","134"
"HG_ECMPRDRAC01","479"
"HG_ECMPRDRAC02","479"
"HG_EDTSTDB01","115"
"HG_EFKEPPRDVM","479"
"HG_EFKEPPRDVM_UNIX","479"
"HG_ENXBTPRDMGT01","134"
"HG_ENXCSPRDMGT01","134"
"HG_ENXSCETSTDB01","134"
"HG_FBPRDVM","134"
"HG_FBPRDVM_SQL","479"
"HG_FEDWPRDDB01","134"
"HG_FEPRDVM","134"
"HG_FFPRDESX","479"
"HG_IDMPRDRAC01","134"
"HG_IDMPRDRAC02","134"
"HG_IFMTSTDB01","479"
"HG_PGMTSTRAC01","479"
"HG_PGMTSTRAC02","479"
"HG_SFDPRDRAC01","134"
"HG_SFDPRDRAC02","134"
"HG_SFDPRDRAC03","134"
"HG_SFDPRDRAC04","134"
"HG_STOPRDAPP03","893"
"HG_UCMPRDDB01","479"
"HKPRDDB01","479"
"HKPRDDB02","115"
"HMNDEVAPP03","115"
"HMNDEVDB03","115"
"HMNPREAPP03","479"
"HMNPREAPP04","479"
"HMNPREDB03","479"
"HMNTSTAPP03","115"
"HMNTSTAPP04","115"
"HMNTSTDB03","115"
"IFSDEVAPP01","115"
"IFSPRDAPP01","479"
"IFSPRDWRK01","479"
"IFSPRDWRK02","479"
"IFSPRDWRK03","479"
"IFSPRDWRK04","479"
"IFSPRDWRK05","479"
"IFSPRDWRK06","479"
"IFSPRDWRK07","479"
"IFSPRDWRK08","479"
"IFSTSTAPP01","115"
"IFSTSTWRK01","115"
"IFSTSTWRK02","115"
"IFSTSTWRK03","115"
"INBPRDAPP03_TEST","893"
"SFDPRDDB07","114"
"KSACBTSTDB01","134"
"KSACBTSTDB02","134"
"KSAEDTSTDB01","134"
"LOGPRDAPP03","115"
"LOGPRDAPP08","115"
"MIDDEVAPP01","479"
"MIDTSTAPP01","115"
"MIDTSTAPP02","115"
"MSGSPRDCAS11","479"
"MSGSPRDEXC01","479"
"MSGSPRDEXC02","479"
"MSGSPRDEXC03","479"
"MSGSPRDEXC04","479"
"MSGSPRDEXC05","479"
"MSGSPRDEXC06","479"
"MSGSPRDEXC07","479"
"MSGSPRDEXC08","479"
"MSGSPRDEXC09","479"
"ODIPRDDB02","479"
"ODITSTDB02","115"
"ODPRDDB07","893"
"PSTSTDB04","479"
"SCEARCDB01","479"
"SCEDEVAPP02","479"
"SCEPRDAPP04","479"
"SCEPRDAPP05","479"
"SCEPRDAPP06","479"
"SCEPRDAPP07","479"
"SCEPRDAPP08","479"
"SCEPRDDB05","479"
"SCETSTAPP02","115"
"SCETSTAPP04","115"
"SCETSTAPP05","115"
"SCETSTDB02","479"
"SCMPRDDB02","479"
"SFDDEVDB01","115"
"SFDTSTRAC02","115"
"SFDTSTRAC03","115"
"SFDTSTRAC04","115"
"SIMPRDESX01","134"
"SIMPRDESX02","134"
"SIMPRDESX03","134"
"STOTSTAPP01","114"
"STOTSTAPP02","479"
"SWPRDMQ04","115"
"SWPRDMQ05","115"
"SWTSTMGW01","115"
"SWTSTMGW02","115"
"SWTSTMQ04","115"
"SWTSTMQ05","115"
"TRHPRDAPP01","479"
"TRHPRDAPP02","479"
"UCMPRDDB03","115"
"VDIHORIZON8_VM","115"
"VIOTSTGEN03","114"
"VPSTSTRAC01","479"
"VPSTSTRAC02","479"
"VPSTSTRAC03","479"
"VPSTSTRAC04","479"
"WISEPRDDB01","134"
"BTDRCLX_CMD","487"
"CBDRCTSTDB01","487"
"CFRDRCRAC01","487"
"CFRDRCRAC0102","011"
"CFRDRCRAC02","487"
"CLESXDRCGEN","487"
"CLWDRCGENGPU1003","487"
"CTMDRCDB01","487"
"EBSDRCDB21","487"
"ECMDRCDB01","487"
"ECMDRCRAC03","487"
"ECMDRCRAC04","487"
"EDDRCGEN03","487"
"ES","487"
"ESRDRCCLN07","487"
"ESRDRCCLN09","011"
"ESRDRCCLN13","487"
"FEDRCDB01","487"
"FEDRCDB02","487"
"GENDRCRAC","011"
"GENDRCRAC01","487"
"GENDRCRAC01_PHY","487"
"GENDRCRAC02","487"
"GENDRCRAC02_PHY","487"
"GENDRCTSTDB01_NPIV_01","487"
"GGDRCDB0102","487"
"HG_BTDRCLX","011"
"HG_BTDRCMGT01","011"
"HG_CBDRCARC01","833"
"HG_CBDRCRES01","487"
"HG_CCDRCGEN01","011"
"HG_COMMAND_DEVICE","833"
"HG_CSDRCMGT01","011"
"HG_EFKEPDRCVM0102","011"
"HG_FB_NICE_DRCVM","011"
"HG_FEDRCVM0102","487"
"HG_FRADRCCLN03","487"
"HG_HMNDRCDB01","833"
"HG_LOGDRCAPP02","011"
"HG_LOGDRCAPP03","011"
"HG_MBDRCCLN02","487"
"HG_SIMDRCESX0102","011"
"HG_STODRCGEN02","011"
"HG_UNIDRCDB02","011"
"HG_UNIDRCDB01","011"
"HG_YTSDRCRES01","487"
"IDMDRCDB01","487"
"IDMDRCDB02","487"
"INBSESDRCCLN05","487"
"KFTDRCRAC01","833"
"KFTDRCRAC02","487"
"OCMDRCRAC01","487"
"OCMDRCRAC02","487"
"ODIDRCDB02","487"
"PSDRCESX","487"
"STODRCGEN01","487"
"STODRCGEN02","487"
"SWDRCMGW01","487"
"SWDRCMQ02","487"
"TNGDRCRAC01","487"
"TNGDRCRAC02","487"
"YTSDRCDB02","487"
